,dbscan_count,dbscan_noise,dbscan_silouette_score,image_name,eps,min_samples,dbscan_BIC_score
0,14,349,-0.6704158622454514,ESCH01-1_13.jpg,0.01,3,
1,0,395,,ESCH01-1_13.jpg,0.01,5,
2,0,395,,ESCH01-1_13.jpg,0.01,8,
3,0,395,,ESCH01-1_13.jpg,0.01,10,
4,26,68,0.44697694221196044,ESCH01-1_13.jpg,0.05,3,
5,20,100,0.38925507108845414,ESCH01-1_13.jpg,0.05,5,
6,17,155,0.19239397626560834,ESCH01-1_13.jpg,0.05,8,
7,13,202,0.006141460597530895,ESCH01-1_13.jpg,0.05,10,
8,15,15,0.5716736742912335,ESCH01-1_13.jpg,0.1,3,
9,16,24,0.5663831856900979,ESCH01-1_13.jpg,0.1,5,
10,18,28,0.6163522683573528,ESCH01-1_13.jpg,0.1,8,
11,17,39,0.5684104017223403,ESCH01-1_13.jpg,0.1,10,
12,9,7,0.48738411321843866,ESCH01-1_13.jpg,0.2,3,
13,9,9,0.4839769815535146,ESCH01-1_13.jpg,0.2,5,
14,9,10,0.48104222297030413,ESCH01-1_13.jpg,0.2,8,
15,9,10,0.48104222297030413,ESCH01-1_13.jpg,0.2,10,
16,6,6,0.4303192460956797,ESCH01-1_13.jpg,0.3,3,
17,7,6,0.44370673510552394,ESCH01-1_13.jpg,0.3,5,
18,7,8,0.44109418918577875,ESCH01-1_13.jpg,0.3,8,
19,7,8,0.44109418918577875,ESCH01-1_13.jpg,0.3,10,
20,5,5,0.3603279553133261,ESCH01-1_13.jpg,0.4,3,
21,5,5,0.3603279553133261,ESCH01-1_13.jpg,0.4,5,
22,5,5,0.3603279553133261,ESCH01-1_13.jpg,0.4,8,
23,6,5,0.4318597873002517,ESCH01-1_13.jpg,0.4,10,
24,5,5,0.3603279553133261,ESCH01-1_13.jpg,0.5,3,
25,5,5,0.3603279553133261,ESCH01-1_13.jpg,0.5,5,
26,5,5,0.3603279553133261,ESCH01-1_13.jpg,0.5,8,
27,5,5,0.3603279553133261,ESCH01-1_13.jpg,0.5,10,
0,8,88,-0.4457799956389601,ESCH01-1_19.jpg,0.01,3,
1,0,115,,ESCH01-1_19.jpg,0.01,5,
2,0,115,,ESCH01-1_19.jpg,0.01,8,
3,0,115,,ESCH01-1_19.jpg,0.01,10,
4,9,12,0.7169354917559645,ESCH01-1_19.jpg,0.05,3,
5,8,16,0.6635116977080224,ESCH01-1_19.jpg,0.05,5,
6,8,21,0.5961267950636808,ESCH01-1_19.jpg,0.05,8,
7,4,65,-0.0037246391847589244,ESCH01-1_19.jpg,0.05,10,
8,7,9,0.702956918634224,ESCH01-1_19.jpg,0.1,3,
9,7,9,0.702956918634224,ESCH01-1_19.jpg,0.1,5,
10,7,9,0.702956918634224,ESCH01-1_19.jpg,0.1,8,
11,6,27,0.4802883551170587,ESCH01-1_19.jpg,0.1,10,
12,7,9,0.702956918634224,ESCH01-1_19.jpg,0.2,3,
13,7,9,0.702956918634224,ESCH01-1_19.jpg,0.2,5,
14,7,9,0.702956918634224,ESCH01-1_19.jpg,0.2,8,
15,5,27,0.4362586579311423,ESCH01-1_19.jpg,0.2,10,
16,5,8,0.6864065021286266,ESCH01-1_19.jpg,0.3,3,
17,5,8,0.6864065021286266,ESCH01-1_19.jpg,0.3,5,
18,5,8,0.6864065021286266,ESCH01-1_19.jpg,0.3,8,
19,4,17,0.5610613506009176,ESCH01-1_19.jpg,0.3,10,
20,4,8,0.5924735168010788,ESCH01-1_19.jpg,0.4,3,
21,4,8,0.5924735168010788,ESCH01-1_19.jpg,0.4,5,
22,4,8,0.5924735168010788,ESCH01-1_19.jpg,0.4,8,
23,3,17,0.46670568631980397,ESCH01-1_19.jpg,0.4,10,
24,5,4,0.6188294123312209,ESCH01-1_19.jpg,0.5,3,
25,4,7,0.6027628562119766,ESCH01-1_19.jpg,0.5,5,
26,4,7,0.6027628562119766,ESCH01-1_19.jpg,0.5,8,
27,3,16,0.47767889139443626,ESCH01-1_19.jpg,0.5,10,
0,11,126,-0.5045917573025617,ESCH01-1_21.jpg,0.01,3,
1,0,167,,ESCH01-1_21.jpg,0.01,5,
2,0,167,,ESCH01-1_21.jpg,0.01,8,
3,0,167,,ESCH01-1_21.jpg,0.01,10,
4,10,16,0.7250895610151205,ESCH01-1_21.jpg,0.05,3,
5,9,21,0.687494068349572,ESCH01-1_21.jpg,0.05,5,
6,8,31,0.594809888499598,ESCH01-1_21.jpg,0.05,8,
7,7,42,0.4924494630087028,ESCH01-1_21.jpg,0.05,10,
8,10,11,0.7736036879139052,ESCH01-1_21.jpg,0.1,3,
9,9,15,0.7417720280413902,ESCH01-1_21.jpg,0.1,5,
10,9,15,0.7417720280413902,ESCH01-1_21.jpg,0.1,8,
11,7,33,0.587484357148324,ESCH01-1_21.jpg,0.1,10,
12,10,9,0.7910434400893409,ESCH01-1_21.jpg,0.2,3,
13,9,13,0.7582899766119242,ESCH01-1_21.jpg,0.2,5,
14,9,13,0.7582899766119242,ESCH01-1_21.jpg,0.2,8,
15,8,21,0.6878932290673258,ESCH01-1_21.jpg,0.2,10,
16,7,4,0.8467745990796376,ESCH01-1_21.jpg,0.3,3,
17,7,5,0.8271627820206637,ESCH01-1_21.jpg,0.3,5,
18,6,10,0.790251918643839,ESCH01-1_21.jpg,0.3,8,
19,6,10,0.790251918643839,ESCH01-1_21.jpg,0.3,10,
20,8,1,0.8612004964425515,ESCH01-1_21.jpg,0.4,3,
21,7,4,0.8467745990796376,ESCH01-1_21.jpg,0.4,5,
22,6,10,0.790251918643839,ESCH01-1_21.jpg,0.4,8,
23,6,10,0.790251918643839,ESCH01-1_21.jpg,0.4,10,
24,7,1,0.7961459202785756,ESCH01-1_21.jpg,0.5,3,
25,6,4,0.7971981294151669,ESCH01-1_21.jpg,0.5,5,
26,5,10,0.7469274552863815,ESCH01-1_21.jpg,0.5,8,
27,5,10,0.7469274552863815,ESCH01-1_21.jpg,0.5,10,
0,6,76,-0.5058040857036922,ESCH01-1_22.jpg,0.01,3,
1,2,95,-0.42270445173043103,ESCH01-1_22.jpg,0.01,5,
2,0,105,,ESCH01-1_22.jpg,0.01,8,
3,0,105,,ESCH01-1_22.jpg,0.01,10,
4,4,10,0.7898431979480325,ESCH01-1_22.jpg,0.05,3,
5,5,12,0.6734838806777641,ESCH01-1_22.jpg,0.05,5,
6,4,23,0.56393681303568,ESCH01-1_22.jpg,0.05,8,
7,4,24,0.545973116297582,ESCH01-1_22.jpg,0.05,10,
8,5,2,0.8892381509890015,ESCH01-1_22.jpg,0.1,3,
9,4,5,0.8766422887031871,ESCH01-1_22.jpg,0.1,5,
10,4,5,0.8766422887031871,ESCH01-1_22.jpg,0.1,8,
11,4,5,0.8766422887031871,ESCH01-1_22.jpg,0.1,10,
12,5,1,0.9098912235085106,ESCH01-1_22.jpg,0.2,3,
13,4,4,0.8917132828487954,ESCH01-1_22.jpg,0.2,5,
14,4,4,0.8917132828487954,ESCH01-1_22.jpg,0.2,8,
15,4,4,0.8917132828487954,ESCH01-1_22.jpg,0.2,10,
16,5,1,0.9098912235085106,ESCH01-1_22.jpg,0.3,3,
17,4,4,0.8917132828487954,ESCH01-1_22.jpg,0.3,5,
18,4,4,0.8917132828487954,ESCH01-1_22.jpg,0.3,8,
19,4,4,0.8917132828487954,ESCH01-1_22.jpg,0.3,10,
20,4,1,0.931679789060621,ESCH01-1_22.jpg,0.4,3,
21,4,1,0.931679789060621,ESCH01-1_22.jpg,0.4,5,
22,4,1,0.931679789060621,ESCH01-1_22.jpg,0.4,8,
23,4,1,0.931679789060621,ESCH01-1_22.jpg,0.4,10,
24,4,1,0.931679789060621,ESCH01-1_22.jpg,0.5,3,
25,4,1,0.931679789060621,ESCH01-1_22.jpg,0.5,5,
26,4,1,0.931679789060621,ESCH01-1_22.jpg,0.5,8,
27,4,1,0.931679789060621,ESCH01-1_22.jpg,0.5,10,
0,1,54,,ESCH01-1_23.jpg,0.01,3,
1,0,57,,ESCH01-1_23.jpg,0.01,5,
2,0,57,,ESCH01-1_23.jpg,0.01,8,
3,0,57,,ESCH01-1_23.jpg,0.01,10,
4,3,17,0.2505369856198871,ESCH01-1_23.jpg,0.05,3,
5,2,21,0.28293759607502483,ESCH01-1_23.jpg,0.05,5,
6,2,37,-0.2381599912790213,ESCH01-1_23.jpg,0.05,8,
7,0,57,,ESCH01-1_23.jpg,0.05,10,
8,2,2,0.8298616990009787,ESCH01-1_23.jpg,0.1,3,
9,2,3,0.8303076911410219,ESCH01-1_23.jpg,0.1,5,
10,2,6,0.7392466014447241,ESCH01-1_23.jpg,0.1,8,
11,2,9,0.6498952109775622,ESCH01-1_23.jpg,0.1,10,
12,2,1,0.874490533613259,ESCH01-1_23.jpg,0.2,3,
13,2,1,0.874490533613259,ESCH01-1_23.jpg,0.2,5,
14,2,1,0.874490533613259,ESCH01-1_23.jpg,0.2,8,
15,2,1,0.874490533613259,ESCH01-1_23.jpg,0.2,10,
16,2,1,0.874490533613259,ESCH01-1_23.jpg,0.3,3,
17,2,1,0.874490533613259,ESCH01-1_23.jpg,0.3,5,
18,2,1,0.874490533613259,ESCH01-1_23.jpg,0.3,8,
19,2,1,0.874490533613259,ESCH01-1_23.jpg,0.3,10,
20,2,1,0.874490533613259,ESCH01-1_23.jpg,0.4,3,
21,2,1,0.874490533613259,ESCH01-1_23.jpg,0.4,5,
22,2,1,0.874490533613259,ESCH01-1_23.jpg,0.4,8,
23,2,1,0.874490533613259,ESCH01-1_23.jpg,0.4,10,
24,2,1,0.874490533613259,ESCH01-1_23.jpg,0.5,3,
25,2,1,0.874490533613259,ESCH01-1_23.jpg,0.5,5,
26,2,1,0.874490533613259,ESCH01-1_23.jpg,0.5,8,
27,2,1,0.874490533613259,ESCH01-1_23.jpg,0.5,10,
0,0,51,,ESCH01-2_118.jpg,0.01,3,
1,0,51,,ESCH01-2_118.jpg,0.01,5,
2,0,51,,ESCH01-2_118.jpg,0.01,8,
3,0,51,,ESCH01-2_118.jpg,0.01,10,
4,3,17,0.45845686603543934,ESCH01-2_118.jpg,0.05,3,
5,3,17,0.45845686603543934,ESCH01-2_118.jpg,0.05,5,
6,2,22,0.30223261143209834,ESCH01-2_118.jpg,0.05,8,
7,1,32,,ESCH01-2_118.jpg,0.05,10,
8,3,14,0.5700702246731291,ESCH01-2_118.jpg,0.1,3,
9,3,14,0.5700702246731291,ESCH01-2_118.jpg,0.1,5,
10,2,20,0.37681210413171484,ESCH01-2_118.jpg,0.1,8,
11,2,20,0.37681210413171484,ESCH01-2_118.jpg,0.1,10,
12,4,8,0.7286018817507554,ESCH01-2_118.jpg,0.2,3,
13,3,11,0.6713773947530066,ESCH01-2_118.jpg,0.2,5,
14,2,16,0.5197166728786837,ESCH01-2_118.jpg,0.2,8,
15,2,16,0.5197166728786837,ESCH01-2_118.jpg,0.2,10,
16,4,7,0.7470911242799502,ESCH01-2_118.jpg,0.3,3,
17,3,10,0.698241573826165,ESCH01-2_118.jpg,0.3,5,
18,2,15,0.5525146465227585,ESCH01-2_118.jpg,0.3,8,
19,2,15,0.5525146465227585,ESCH01-2_118.jpg,0.3,10,
20,4,7,0.7470911242799502,ESCH01-2_118.jpg,0.4,3,
21,3,10,0.698241573826165,ESCH01-2_118.jpg,0.4,5,
22,2,15,0.5525146465227585,ESCH01-2_118.jpg,0.4,8,
23,2,15,0.5525146465227585,ESCH01-2_118.jpg,0.4,10,
24,4,7,0.7470911242799502,ESCH01-2_118.jpg,0.5,3,
25,3,10,0.698241573826165,ESCH01-2_118.jpg,0.5,5,
26,2,15,0.5525146465227585,ESCH01-2_118.jpg,0.5,8,
27,2,15,0.5525146465227585,ESCH01-2_118.jpg,0.5,10,
0,4,58,-0.47053041043188426,ESCH01-2_123.jpg,0.01,3,
1,0,76,,ESCH01-2_123.jpg,0.01,5,
2,0,76,,ESCH01-2_123.jpg,0.01,8,
3,0,76,,ESCH01-2_123.jpg,0.01,10,
4,3,10,0.7073241633336346,ESCH01-2_123.jpg,0.05,3,
5,3,11,0.6802468826149485,ESCH01-2_123.jpg,0.05,5,
6,3,12,0.6540083211210321,ESCH01-2_123.jpg,0.05,8,
7,3,12,0.6540083211210321,ESCH01-2_123.jpg,0.05,10,
8,3,8,0.7443840899375314,ESCH01-2_123.jpg,0.1,3,
9,3,8,0.7443840899375314,ESCH01-2_123.jpg,0.1,5,
10,3,8,0.7443840899375314,ESCH01-2_123.jpg,0.1,8,
11,3,8,0.7443840899375314,ESCH01-2_123.jpg,0.1,10,
12,3,4,0.8239008301062751,ESCH01-2_123.jpg,0.2,3,
13,3,4,0.8239008301062751,ESCH01-2_123.jpg,0.2,5,
14,3,4,0.8239008301062751,ESCH01-2_123.jpg,0.2,8,
15,3,4,0.8239008301062751,ESCH01-2_123.jpg,0.2,10,
16,2,4,0.8880069618072743,ESCH01-2_123.jpg,0.3,3,
17,2,4,0.8880069618072743,ESCH01-2_123.jpg,0.3,5,
18,2,4,0.8880069618072743,ESCH01-2_123.jpg,0.3,8,
19,2,4,0.8880069618072743,ESCH01-2_123.jpg,0.3,10,
20,2,4,0.8880069618072743,ESCH01-2_123.jpg,0.4,3,
21,2,4,0.8880069618072743,ESCH01-2_123.jpg,0.4,5,
22,2,4,0.8880069618072743,ESCH01-2_123.jpg,0.4,8,
23,2,4,0.8880069618072743,ESCH01-2_123.jpg,0.4,10,
24,2,4,0.8880069618072743,ESCH01-2_123.jpg,0.5,3,
25,2,4,0.8880069618072743,ESCH01-2_123.jpg,0.5,5,
26,2,4,0.8880069618072743,ESCH01-2_123.jpg,0.5,8,
27,2,4,0.8880069618072743,ESCH01-2_123.jpg,0.5,10,
0,8,195,-0.5414837658656746,ESCH01-2_244.jpg,0.01,3,
1,0,228,,ESCH01-2_244.jpg,0.01,5,
2,0,228,,ESCH01-2_244.jpg,0.01,8,
3,0,228,,ESCH01-2_244.jpg,0.01,10,
4,24,41,0.49630698953779184,ESCH01-2_244.jpg,0.05,3,
5,18,64,0.36513201837112946,ESCH01-2_244.jpg,0.05,5,
6,9,125,-0.0024489263003700393,ESCH01-2_244.jpg,0.05,8,
7,7,143,-0.08020795638959147,ESCH01-2_244.jpg,0.05,10,
8,17,23,0.6285869037916911,ESCH01-2_244.jpg,0.1,3,
9,16,27,0.6117580882918969,ESCH01-2_244.jpg,0.1,5,
10,15,43,0.5079252198382899,ESCH01-2_244.jpg,0.1,8,
11,9,95,0.21529452290328796,ESCH01-2_244.jpg,0.1,10,
12,14,10,0.6785288442169871,ESCH01-2_244.jpg,0.2,3,
13,12,17,0.6599242184266951,ESCH01-2_244.jpg,0.2,5,
14,12,19,0.6540014275463375,ESCH01-2_244.jpg,0.2,8,
15,9,44,0.4998088292418692,ESCH01-2_244.jpg,0.2,10,
16,9,8,0.5289117211564355,ESCH01-2_244.jpg,0.3,3,
17,8,14,0.5390774748457202,ESCH01-2_244.jpg,0.3,5,
18,8,14,0.5390774748457202,ESCH01-2_244.jpg,0.3,8,
19,7,28,0.48449049868198385,ESCH01-2_244.jpg,0.3,10,
20,6,4,0.655938342098824,ESCH01-2_244.jpg,0.4,3,
21,5,7,0.6498719760296827,ESCH01-2_244.jpg,0.4,5,
22,5,8,0.6473786012039118,ESCH01-2_244.jpg,0.4,8,
23,5,15,0.6196656372002447,ESCH01-2_244.jpg,0.4,10,
24,6,4,0.655938342098824,ESCH01-2_244.jpg,0.5,3,
25,5,7,0.6498719760296827,ESCH01-2_244.jpg,0.5,5,
26,5,7,0.6498719760296827,ESCH01-2_244.jpg,0.5,8,
27,5,7,0.6498719760296827,ESCH01-2_244.jpg,0.5,10,
0,4,49,-0.2591577009551416,ESCH01-2_308.jpg,0.01,3,
1,1,59,,ESCH01-2_308.jpg,0.01,5,
2,0,64,,ESCH01-2_308.jpg,0.01,8,
3,0,64,,ESCH01-2_308.jpg,0.01,10,
4,5,25,0.3578737487286142,ESCH01-2_308.jpg,0.05,3,
5,5,25,0.3578737487286142,ESCH01-2_308.jpg,0.05,5,
6,3,38,0.14238935805226408,ESCH01-2_308.jpg,0.05,8,
7,0,64,,ESCH01-2_308.jpg,0.05,10,
8,6,21,0.44746793792778894,ESCH01-2_308.jpg,0.1,3,
9,5,24,0.38951943955309604,ESCH01-2_308.jpg,0.1,5,
10,4,30,0.26117482787642055,ESCH01-2_308.jpg,0.1,8,
11,0,64,,ESCH01-2_308.jpg,0.1,10,
12,7,17,0.5379924060605241,ESCH01-2_308.jpg,0.2,3,
13,5,24,0.38951943955309604,ESCH01-2_308.jpg,0.2,5,
14,4,30,0.26117482787642055,ESCH01-2_308.jpg,0.2,8,
15,0,64,,ESCH01-2_308.jpg,0.2,10,
16,8,13,0.5979058419846036,ESCH01-2_308.jpg,0.3,3,
17,5,23,0.4014179550290603,ESCH01-2_308.jpg,0.3,5,
18,4,29,0.28541596962713905,ESCH01-2_308.jpg,0.3,8,
19,0,64,,ESCH01-2_308.jpg,0.3,10,
20,8,10,0.6478625989300425,ESCH01-2_308.jpg,0.4,3,
21,4,23,0.4100220825939347,ESCH01-2_308.jpg,0.4,5,
22,4,23,0.4100220825939347,ESCH01-2_308.jpg,0.4,8,
23,1,49,,ESCH01-2_308.jpg,0.4,10,
24,6,10,0.5665814656681393,ESCH01-2_308.jpg,0.5,3,
25,3,20,0.45524136218637423,ESCH01-2_308.jpg,0.5,5,
26,3,20,0.45524136218637423,ESCH01-2_308.jpg,0.5,8,
27,2,28,0.36718996707292045,ESCH01-2_308.jpg,0.5,10,
0,8,187,-0.3977607698885737,ESCH01-2_340.jpg,0.01,3,
1,0,214,,ESCH01-2_340.jpg,0.01,5,
2,0,214,,ESCH01-2_340.jpg,0.01,8,
3,0,214,,ESCH01-2_340.jpg,0.01,10,
4,16,63,0.3146186190420275,ESCH01-2_340.jpg,0.05,3,
5,11,83,0.22303487478587333,ESCH01-2_340.jpg,0.05,5,
6,6,117,0.07213766973187283,ESCH01-2_340.jpg,0.05,8,
7,5,128,0.02643097557640397,ESCH01-2_340.jpg,0.05,10,
8,17,25,0.5807058293161209,ESCH01-2_340.jpg,0.1,3,
9,11,52,0.4334782423657099,ESCH01-2_340.jpg,0.1,5,
10,7,83,0.29918221286535845,ESCH01-2_340.jpg,0.1,8,
11,6,95,0.23294532790387615,ESCH01-2_340.jpg,0.1,10,
12,14,17,0.6592552310794577,ESCH01-2_340.jpg,0.2,3,
13,11,28,0.5829243561499962,ESCH01-2_340.jpg,0.2,5,
14,9,41,0.5081606331251837,ESCH01-2_340.jpg,0.2,8,
15,9,43,0.4955346944138941,ESCH01-2_340.jpg,0.2,10,
16,13,15,0.6569784953301007,ESCH01-2_340.jpg,0.3,3,
17,10,27,0.583813971774625,ESCH01-2_340.jpg,0.3,5,
18,9,33,0.5474265959868213,ESCH01-2_340.jpg,0.3,8,
19,9,34,0.5481178991935097,ESCH01-2_340.jpg,0.3,10,
20,10,7,0.6079714814156016,ESCH01-2_340.jpg,0.4,3,
21,9,10,0.5837623363707448,ESCH01-2_340.jpg,0.4,5,
22,7,20,0.5683678312753362,ESCH01-2_340.jpg,0.4,8,
23,8,21,0.5777567118223407,ESCH01-2_340.jpg,0.4,10,
24,7,0,0.4468281355943028,ESCH01-2_340.jpg,0.5,3,
25,6,4,0.4468281355943028,ESCH01-2_340.jpg,0.5,5,
26,4,14,0.43556813320041604,ESCH01-2_340.jpg,0.5,8,
27,4,14,0.43556813320041604,ESCH01-2_340.jpg,0.5,10,
0,11,173,-0.4840973490595115,ESCH01-2_99.jpg,0.01,3,
1,2,206,-0.22222777324648996,ESCH01-2_99.jpg,0.01,5,
2,0,216,,ESCH01-2_99.jpg,0.01,8,
3,0,216,,ESCH01-2_99.jpg,0.01,10,
4,11,32,0.570772974912159,ESCH01-2_99.jpg,0.05,3,
5,11,35,0.5564675381630801,ESCH01-2_99.jpg,0.05,5,
6,9,56,0.42174646552288764,ESCH01-2_99.jpg,0.05,8,
7,7,76,0.39116187506424266,ESCH01-2_99.jpg,0.05,10,
8,10,23,0.5800763833855622,ESCH01-2_99.jpg,0.1,3,
9,9,26,0.568808221945887,ESCH01-2_99.jpg,0.1,5,
10,7,37,0.5353882584423293,ESCH01-2_99.jpg,0.1,8,
11,7,38,0.5270560637037279,ESCH01-2_99.jpg,0.1,10,
12,8,15,0.6026730513006158,ESCH01-2_99.jpg,0.2,3,
13,6,21,0.5752866843447859,ESCH01-2_99.jpg,0.2,5,
14,5,27,0.5546653033329901,ESCH01-2_99.jpg,0.2,8,
15,5,27,0.5546653033329901,ESCH01-2_99.jpg,0.2,10,
16,7,11,0.6480376899532212,ESCH01-2_99.jpg,0.3,3,
17,4,21,0.6181026138259272,ESCH01-2_99.jpg,0.3,5,
18,4,21,0.6181026138259272,ESCH01-2_99.jpg,0.3,8,
19,4,21,0.6181026138259272,ESCH01-2_99.jpg,0.3,10,
20,5,9,0.6789950025514842,ESCH01-2_99.jpg,0.4,3,
21,5,9,0.6789950025514842,ESCH01-2_99.jpg,0.4,5,
22,4,20,0.6238568656247007,ESCH01-2_99.jpg,0.4,8,
23,4,20,0.6238568656247007,ESCH01-2_99.jpg,0.4,10,
24,5,8,0.6845333494439274,ESCH01-2_99.jpg,0.5,3,
25,5,8,0.6845333494439274,ESCH01-2_99.jpg,0.5,5,
26,4,15,0.6528579023714708,ESCH01-2_99.jpg,0.5,8,
27,4,15,0.6528579023714708,ESCH01-2_99.jpg,0.5,10,
0,1,15,,ESCH01-3_187.jpg,0.01,3,
1,0,18,,ESCH01-3_187.jpg,0.01,5,
2,0,18,,ESCH01-3_187.jpg,0.01,8,
3,0,18,,ESCH01-3_187.jpg,0.01,10,
4,3,8,0.02981293719653528,ESCH01-3_187.jpg,0.05,3,
5,0,18,,ESCH01-3_187.jpg,0.05,5,
6,0,18,,ESCH01-3_187.jpg,0.05,8,
7,0,18,,ESCH01-3_187.jpg,0.05,10,
8,1,5,,ESCH01-3_187.jpg,0.1,3,
9,1,5,,ESCH01-3_187.jpg,0.1,5,
10,1,8,,ESCH01-3_187.jpg,0.1,8,
11,0,18,,ESCH01-3_187.jpg,0.1,10,
12,2,2,0.7692069413748143,ESCH01-3_187.jpg,0.2,3,
13,1,5,,ESCH01-3_187.jpg,0.2,5,
14,1,5,,ESCH01-3_187.jpg,0.2,8,
15,1,5,,ESCH01-3_187.jpg,0.2,10,
16,2,2,0.7692069413748143,ESCH01-3_187.jpg,0.3,3,
17,1,5,,ESCH01-3_187.jpg,0.3,5,
18,1,5,,ESCH01-3_187.jpg,0.3,8,
19,1,5,,ESCH01-3_187.jpg,0.3,10,
20,2,2,0.7692069413748143,ESCH01-3_187.jpg,0.4,3,
21,1,5,,ESCH01-3_187.jpg,0.4,5,
22,1,5,,ESCH01-3_187.jpg,0.4,8,
23,1,5,,ESCH01-3_187.jpg,0.4,10,
24,2,2,0.7692069413748143,ESCH01-3_187.jpg,0.5,3,
25,1,5,,ESCH01-3_187.jpg,0.5,5,
26,1,5,,ESCH01-3_187.jpg,0.5,8,
27,1,5,,ESCH01-3_187.jpg,0.5,10,
0,0,66,,ESCH01-3_291.jpg,0.01,3,
1,0,66,,ESCH01-3_291.jpg,0.01,5,
2,0,66,,ESCH01-3_291.jpg,0.01,8,
3,0,66,,ESCH01-3_291.jpg,0.01,10,
4,5,28,-0.03983637145932428,ESCH01-3_291.jpg,0.05,3,
5,4,35,-0.1165559670875554,ESCH01-3_291.jpg,0.05,5,
6,1,58,,ESCH01-3_291.jpg,0.05,8,
7,0,66,,ESCH01-3_291.jpg,0.05,10,
8,3,13,0.5794087271050238,ESCH01-3_291.jpg,0.1,3,
9,3,19,0.43971808890398445,ESCH01-3_291.jpg,0.1,5,
10,2,25,0.3723810684858189,ESCH01-3_291.jpg,0.1,8,
11,2,26,0.34250959170199147,ESCH01-3_291.jpg,0.1,10,
12,3,4,0.8015628500818203,ESCH01-3_291.jpg,0.2,3,
13,3,4,0.8015628500818203,ESCH01-3_291.jpg,0.2,5,
14,2,11,0.7500455493933251,ESCH01-3_291.jpg,0.2,8,
15,2,11,0.7500455493933251,ESCH01-3_291.jpg,0.2,10,
16,3,3,0.8338035294335541,ESCH01-3_291.jpg,0.3,3,
17,3,3,0.8338035294335541,ESCH01-3_291.jpg,0.3,5,
18,2,10,0.7827050792305793,ESCH01-3_291.jpg,0.3,8,
19,2,10,0.7827050792305793,ESCH01-3_291.jpg,0.3,10,
20,3,3,0.8338035294335541,ESCH01-3_291.jpg,0.4,3,
21,3,3,0.8338035294335541,ESCH01-3_291.jpg,0.4,5,
22,2,10,0.7827050792305793,ESCH01-3_291.jpg,0.4,8,
23,2,10,0.7827050792305793,ESCH01-3_291.jpg,0.4,10,
24,3,3,0.8338035294335541,ESCH01-3_291.jpg,0.5,3,
25,3,3,0.8338035294335541,ESCH01-3_291.jpg,0.5,5,
26,2,10,0.7827050792305793,ESCH01-3_291.jpg,0.5,8,
27,2,10,0.7827050792305793,ESCH01-3_291.jpg,0.5,10,
0,1,23,,ESCH01-3_40.jpg,0.01,3,
1,0,26,,ESCH01-3_40.jpg,0.01,5,
2,0,26,,ESCH01-3_40.jpg,0.01,8,
3,0,26,,ESCH01-3_40.jpg,0.01,10,
4,1,12,,ESCH01-3_40.jpg,0.05,3,
5,1,13,,ESCH01-3_40.jpg,0.05,5,
6,1,13,,ESCH01-3_40.jpg,0.05,8,
7,1,13,,ESCH01-3_40.jpg,0.05,10,
8,2,9,0.44425527240708623,ESCH01-3_40.jpg,0.1,3,
9,1,12,,ESCH01-3_40.jpg,0.1,5,
10,1,12,,ESCH01-3_40.jpg,0.1,8,
11,1,12,,ESCH01-3_40.jpg,0.1,10,
12,3,5,0.6499318359135239,ESCH01-3_40.jpg,0.2,3,
13,1,11,,ESCH01-3_40.jpg,0.2,5,
14,1,11,,ESCH01-3_40.jpg,0.2,8,
15,1,11,,ESCH01-3_40.jpg,0.2,10,
16,3,5,0.6499318359135239,ESCH01-3_40.jpg,0.3,3,
17,1,11,,ESCH01-3_40.jpg,0.3,5,
18,1,11,,ESCH01-3_40.jpg,0.3,8,
19,1,11,,ESCH01-3_40.jpg,0.3,10,
20,3,5,0.6499318359135239,ESCH01-3_40.jpg,0.4,3,
21,1,11,,ESCH01-3_40.jpg,0.4,5,
22,1,11,,ESCH01-3_40.jpg,0.4,8,
23,1,11,,ESCH01-3_40.jpg,0.4,10,
24,3,5,0.6499318359135239,ESCH01-3_40.jpg,0.5,3,
25,1,11,,ESCH01-3_40.jpg,0.5,5,
26,1,11,,ESCH01-3_40.jpg,0.5,8,
27,1,11,,ESCH01-3_40.jpg,0.5,10,
0,4,72,-0.6252928888782859,ESCH02-1_173.jpg,0.01,3,
1,0,84,,ESCH02-1_173.jpg,0.01,5,
2,0,84,,ESCH02-1_173.jpg,0.01,8,
3,0,84,,ESCH02-1_173.jpg,0.01,10,
4,4,24,0.34193184531485704,ESCH02-1_173.jpg,0.05,3,
5,3,28,0.3755537396150886,ESCH02-1_173.jpg,0.05,5,
6,3,37,0.1777366072520028,ESCH02-1_173.jpg,0.05,8,
7,3,45,0.005513909395809411,ESCH02-1_173.jpg,0.05,10,
8,4,15,0.5468601842986827,ESCH02-1_173.jpg,0.1,3,
9,3,19,0.5477059737042075,ESCH02-1_173.jpg,0.1,5,
10,3,19,0.5477059737042075,ESCH02-1_173.jpg,0.1,8,
11,3,20,0.5313166705616448,ESCH02-1_173.jpg,0.1,10,
12,2,9,0.8225450128437899,ESCH02-1_173.jpg,0.2,3,
13,3,9,0.7371045024439807,ESCH02-1_173.jpg,0.2,5,
14,3,9,0.7371045024439807,ESCH02-1_173.jpg,0.2,8,
15,3,10,0.7174132284330766,ESCH02-1_173.jpg,0.2,10,
16,2,8,0.850086561169468,ESCH02-1_173.jpg,0.3,3,
17,2,8,0.850086561169468,ESCH02-1_173.jpg,0.3,5,
18,2,8,0.850086561169468,ESCH02-1_173.jpg,0.3,8,
19,2,8,0.850086561169468,ESCH02-1_173.jpg,0.3,10,
20,3,4,0.832478669429741,ESCH02-1_173.jpg,0.4,3,
21,2,8,0.850086561169468,ESCH02-1_173.jpg,0.4,5,
22,2,8,0.850086561169468,ESCH02-1_173.jpg,0.4,8,
23,2,8,0.850086561169468,ESCH02-1_173.jpg,0.4,10,
24,3,4,0.832478669429741,ESCH02-1_173.jpg,0.5,3,
25,2,8,0.850086561169468,ESCH02-1_173.jpg,0.5,5,
26,2,8,0.850086561169468,ESCH02-1_173.jpg,0.5,8,
27,2,8,0.850086561169468,ESCH02-1_173.jpg,0.5,10,
0,2,38,-0.005124802585831918,ESCH02-1_174.jpg,0.01,3,
1,0,49,,ESCH02-1_174.jpg,0.01,5,
2,0,49,,ESCH02-1_174.jpg,0.01,8,
3,0,49,,ESCH02-1_174.jpg,0.01,10,
4,2,9,0.6406245446576734,ESCH02-1_174.jpg,0.05,3,
5,2,13,0.4831721192209542,ESCH02-1_174.jpg,0.05,5,
6,2,15,0.4043642637884464,ESCH02-1_174.jpg,0.05,8,
7,2,19,0.2480311931988969,ESCH02-1_174.jpg,0.05,10,
8,2,4,0.8319819371732174,ESCH02-1_174.jpg,0.1,3,
9,2,5,0.7926358179187608,ESCH02-1_174.jpg,0.1,5,
10,2,5,0.7926358179187608,ESCH02-1_174.jpg,0.1,8,
11,2,5,0.7926358179187608,ESCH02-1_174.jpg,0.1,10,
12,2,1,0.9591738667383657,ESCH02-1_174.jpg,0.2,3,
13,2,1,0.9591738667383657,ESCH02-1_174.jpg,0.2,5,
14,2,1,0.9591738667383657,ESCH02-1_174.jpg,0.2,8,
15,2,1,0.9591738667383657,ESCH02-1_174.jpg,0.2,10,
16,2,1,0.9591738667383657,ESCH02-1_174.jpg,0.3,3,
17,2,1,0.9591738667383657,ESCH02-1_174.jpg,0.3,5,
18,2,1,0.9591738667383657,ESCH02-1_174.jpg,0.3,8,
19,2,1,0.9591738667383657,ESCH02-1_174.jpg,0.3,10,
20,2,1,0.9591738667383657,ESCH02-1_174.jpg,0.4,3,
21,2,1,0.9591738667383657,ESCH02-1_174.jpg,0.4,5,
22,2,1,0.9591738667383657,ESCH02-1_174.jpg,0.4,8,
23,2,1,0.9591738667383657,ESCH02-1_174.jpg,0.4,10,
24,2,1,0.9591738667383657,ESCH02-1_174.jpg,0.5,3,
25,2,1,0.9591738667383657,ESCH02-1_174.jpg,0.5,5,
26,2,1,0.9591738667383657,ESCH02-1_174.jpg,0.5,8,
27,2,1,0.9591738667383657,ESCH02-1_174.jpg,0.5,10,
0,0,22,,ESCH02-1_207.jpg,0.01,3,
1,0,22,,ESCH02-1_207.jpg,0.01,5,
2,0,22,,ESCH02-1_207.jpg,0.01,8,
3,0,22,,ESCH02-1_207.jpg,0.01,10,
4,1,15,,ESCH02-1_207.jpg,0.05,3,
5,1,15,,ESCH02-1_207.jpg,0.05,5,
6,0,22,,ESCH02-1_207.jpg,0.05,8,
7,0,22,,ESCH02-1_207.jpg,0.05,10,
8,1,10,,ESCH02-1_207.jpg,0.1,3,
9,1,10,,ESCH02-1_207.jpg,0.1,5,
10,1,10,,ESCH02-1_207.jpg,0.1,8,
11,1,12,,ESCH02-1_207.jpg,0.1,10,
12,1,7,,ESCH02-1_207.jpg,0.2,3,
13,1,7,,ESCH02-1_207.jpg,0.2,5,
14,1,7,,ESCH02-1_207.jpg,0.2,8,
15,1,7,,ESCH02-1_207.jpg,0.2,10,
16,1,6,,ESCH02-1_207.jpg,0.3,3,
17,1,6,,ESCH02-1_207.jpg,0.3,5,
18,1,6,,ESCH02-1_207.jpg,0.3,8,
19,1,6,,ESCH02-1_207.jpg,0.3,10,
20,1,5,,ESCH02-1_207.jpg,0.4,3,
21,1,5,,ESCH02-1_207.jpg,0.4,5,
22,1,6,,ESCH02-1_207.jpg,0.4,8,
23,1,6,,ESCH02-1_207.jpg,0.4,10,
24,1,4,,ESCH02-1_207.jpg,0.5,3,
25,1,4,,ESCH02-1_207.jpg,0.5,5,
26,1,4,,ESCH02-1_207.jpg,0.5,8,
27,1,4,,ESCH02-1_207.jpg,0.5,10,
0,0,28,,ESCH02-1_264.jpg,0.01,3,
1,0,28,,ESCH02-1_264.jpg,0.01,5,
2,0,28,,ESCH02-1_264.jpg,0.01,8,
3,0,28,,ESCH02-1_264.jpg,0.01,10,
4,1,12,,ESCH02-1_264.jpg,0.05,3,
5,2,12,-0.08202814672691557,ESCH02-1_264.jpg,0.05,5,
6,1,20,,ESCH02-1_264.jpg,0.05,8,
7,0,28,,ESCH02-1_264.jpg,0.05,10,
8,1,4,,ESCH02-1_264.jpg,0.1,3,
9,1,4,,ESCH02-1_264.jpg,0.1,5,
10,1,5,,ESCH02-1_264.jpg,0.1,8,
11,1,5,,ESCH02-1_264.jpg,0.1,10,
12,1,2,,ESCH02-1_264.jpg,0.2,3,
13,1,2,,ESCH02-1_264.jpg,0.2,5,
14,1,2,,ESCH02-1_264.jpg,0.2,8,
15,1,2,,ESCH02-1_264.jpg,0.2,10,
16,1,2,,ESCH02-1_264.jpg,0.3,3,
17,1,2,,ESCH02-1_264.jpg,0.3,5,
18,1,2,,ESCH02-1_264.jpg,0.3,8,
19,1,2,,ESCH02-1_264.jpg,0.3,10,
20,1,2,,ESCH02-1_264.jpg,0.4,3,
21,1,2,,ESCH02-1_264.jpg,0.4,5,
22,1,2,,ESCH02-1_264.jpg,0.4,8,
23,1,2,,ESCH02-1_264.jpg,0.4,10,
24,1,2,,ESCH02-1_264.jpg,0.5,3,
25,1,2,,ESCH02-1_264.jpg,0.5,5,
26,1,2,,ESCH02-1_264.jpg,0.5,8,
27,1,2,,ESCH02-1_264.jpg,0.5,10,
0,0,42,,ESCH02-1_278.jpg,0.01,3,
1,0,42,,ESCH02-1_278.jpg,0.01,5,
2,0,42,,ESCH02-1_278.jpg,0.01,8,
3,0,42,,ESCH02-1_278.jpg,0.01,10,
4,4,14,0.046548283533464144,ESCH02-1_278.jpg,0.05,3,
5,1,30,,ESCH02-1_278.jpg,0.05,5,
6,0,42,,ESCH02-1_278.jpg,0.05,8,
7,0,42,,ESCH02-1_278.jpg,0.05,10,
8,2,8,0.756716823909038,ESCH02-1_278.jpg,0.1,3,
9,2,8,0.756716823909038,ESCH02-1_278.jpg,0.1,5,
10,2,10,0.6143353608603401,ESCH02-1_278.jpg,0.1,8,
11,2,13,0.4536523709867688,ESCH02-1_278.jpg,0.1,10,
12,2,6,0.9018373056803425,ESCH02-1_278.jpg,0.2,3,
13,2,6,0.9018373056803425,ESCH02-1_278.jpg,0.2,5,
14,2,6,0.9018373056803425,ESCH02-1_278.jpg,0.2,8,
15,2,6,0.9018373056803425,ESCH02-1_278.jpg,0.2,10,
16,3,2,0.8537142580826963,ESCH02-1_278.jpg,0.3,3,
17,2,6,0.9018373056803425,ESCH02-1_278.jpg,0.3,5,
18,2,6,0.9018373056803425,ESCH02-1_278.jpg,0.3,8,
19,2,6,0.9018373056803425,ESCH02-1_278.jpg,0.3,10,
20,3,2,0.8537142580826963,ESCH02-1_278.jpg,0.4,3,
21,2,6,0.9018373056803425,ESCH02-1_278.jpg,0.4,5,
22,2,6,0.9018373056803425,ESCH02-1_278.jpg,0.4,8,
23,2,6,0.9018373056803425,ESCH02-1_278.jpg,0.4,10,
24,3,0,0.9018373056803425,ESCH02-1_278.jpg,0.5,3,
25,3,0,0.9018373056803425,ESCH02-1_278.jpg,0.5,5,
26,2,6,0.9018373056803425,ESCH02-1_278.jpg,0.5,8,
27,2,6,0.9018373056803425,ESCH02-1_278.jpg,0.5,10,
0,16,223,-0.5725953912839683,ESCH02-1_323.jpg,0.01,3,
1,0,280,,ESCH02-1_323.jpg,0.01,5,
2,0,280,,ESCH02-1_323.jpg,0.01,8,
3,0,280,,ESCH02-1_323.jpg,0.01,10,
4,12,24,0.5912248211958748,ESCH02-1_323.jpg,0.05,3,
5,11,32,0.577166971493452,ESCH02-1_323.jpg,0.05,5,
6,12,57,0.48240446564449246,ESCH02-1_323.jpg,0.05,8,
7,12,69,0.41377908599019725,ESCH02-1_323.jpg,0.05,10,
8,10,6,0.7047934533344139,ESCH02-1_323.jpg,0.1,3,
9,10,8,0.700466629134382,ESCH02-1_323.jpg,0.1,5,
10,10,9,0.6980705381261005,ESCH02-1_323.jpg,0.1,8,
11,11,9,0.701562759574949,ESCH02-1_323.jpg,0.1,10,
12,8,2,0.6938985598850063,ESCH02-1_323.jpg,0.2,3,
13,8,2,0.6938985598850063,ESCH02-1_323.jpg,0.2,5,
14,8,2,0.6938985598850063,ESCH02-1_323.jpg,0.2,8,
15,8,2,0.6938985598850063,ESCH02-1_323.jpg,0.2,10,
16,5,2,0.5850513704111511,ESCH02-1_323.jpg,0.3,3,
17,5,2,0.5850513704111511,ESCH02-1_323.jpg,0.3,5,
18,5,2,0.5850513704111511,ESCH02-1_323.jpg,0.3,8,
19,5,2,0.5850513704111511,ESCH02-1_323.jpg,0.3,10,
20,4,2,0.7107397349845382,ESCH02-1_323.jpg,0.4,3,
21,4,2,0.7107397349845382,ESCH02-1_323.jpg,0.4,5,
22,4,2,0.7107397349845382,ESCH02-1_323.jpg,0.4,8,
23,4,2,0.7107397349845382,ESCH02-1_323.jpg,0.4,10,
24,4,2,0.7107397349845382,ESCH02-1_323.jpg,0.5,3,
25,4,2,0.7107397349845382,ESCH02-1_323.jpg,0.5,5,
26,4,2,0.7107397349845382,ESCH02-1_323.jpg,0.5,8,
27,4,2,0.7107397349845382,ESCH02-1_323.jpg,0.5,10,
0,1,59,,ESCH02-1_324.jpg,0.01,3,
1,0,62,,ESCH02-1_324.jpg,0.01,5,
2,0,62,,ESCH02-1_324.jpg,0.01,8,
3,0,62,,ESCH02-1_324.jpg,0.01,10,
4,5,36,-0.11186805260545227,ESCH02-1_324.jpg,0.05,3,
5,2,46,-0.04781031764748316,ESCH02-1_324.jpg,0.05,5,
6,0,62,,ESCH02-1_324.jpg,0.05,8,
7,0,62,,ESCH02-1_324.jpg,0.05,10,
8,5,15,0.44010071968246606,ESCH02-1_324.jpg,0.1,3,
9,5,18,0.3643994849467203,ESCH02-1_324.jpg,0.1,5,
10,1,44,,ESCH02-1_324.jpg,0.1,8,
11,1,44,,ESCH02-1_324.jpg,0.1,10,
12,4,7,0.7229604242531792,ESCH02-1_324.jpg,0.2,3,
13,4,7,0.7229604242531792,ESCH02-1_324.jpg,0.2,5,
14,4,7,0.7229604242531792,ESCH02-1_324.jpg,0.2,8,
15,3,16,0.6270385841865422,ESCH02-1_324.jpg,0.2,10,
16,4,4,0.7823133135861692,ESCH02-1_324.jpg,0.3,3,
17,4,4,0.7823133135861692,ESCH02-1_324.jpg,0.3,5,
18,4,4,0.7823133135861692,ESCH02-1_324.jpg,0.3,8,
19,3,15,0.673530846250604,ESCH02-1_324.jpg,0.3,10,
20,4,2,0.8413680268349113,ESCH02-1_324.jpg,0.4,3,
21,4,4,0.7823133135861692,ESCH02-1_324.jpg,0.4,5,
22,4,4,0.7823133135861692,ESCH02-1_324.jpg,0.4,8,
23,3,14,0.6985077568430109,ESCH02-1_324.jpg,0.4,10,
24,4,2,0.8413680268349113,ESCH02-1_324.jpg,0.5,3,
25,4,2,0.8413680268349113,ESCH02-1_324.jpg,0.5,5,
26,4,2,0.8413680268349113,ESCH02-1_324.jpg,0.5,8,
27,4,2,0.8413680268349113,ESCH02-1_324.jpg,0.5,10,
0,0,62,,ESCH02-1_333.jpg,0.01,3,
1,0,62,,ESCH02-1_333.jpg,0.01,5,
2,0,62,,ESCH02-1_333.jpg,0.01,8,
3,0,62,,ESCH02-1_333.jpg,0.01,10,
4,5,34,-0.15613224262665523,ESCH02-1_333.jpg,0.05,3,
5,2,47,-0.35686555946147824,ESCH02-1_333.jpg,0.05,5,
6,0,62,,ESCH02-1_333.jpg,0.05,8,
7,0,62,,ESCH02-1_333.jpg,0.05,10,
8,3,20,0.355522745285548,ESCH02-1_333.jpg,0.1,3,
9,3,22,0.289643601931582,ESCH02-1_333.jpg,0.1,5,
10,3,29,0.0370806829516246,ESCH02-1_333.jpg,0.1,8,
11,1,47,,ESCH02-1_333.jpg,0.1,10,
12,3,2,0.8020280583646452,ESCH02-1_333.jpg,0.2,3,
13,3,5,0.741132041828329,ESCH02-1_333.jpg,0.2,5,
14,2,20,0.5578925202409931,ESCH02-1_333.jpg,0.2,8,
15,2,21,0.5041772705678623,ESCH02-1_333.jpg,0.2,10,
16,3,1,0.7397715974077643,ESCH02-1_333.jpg,0.3,3,
17,3,1,0.7397715974077643,ESCH02-1_333.jpg,0.3,5,
18,3,5,0.7368145337348434,ESCH02-1_333.jpg,0.3,8,
19,2,15,0.7789344288903677,ESCH02-1_333.jpg,0.3,10,
20,3,0,0.869622547189504,ESCH02-1_333.jpg,0.4,3,
21,3,0,0.869622547189504,ESCH02-1_333.jpg,0.4,5,
22,3,0,0.869622547189504,ESCH02-1_333.jpg,0.4,8,
23,3,0,0.869622547189504,ESCH02-1_333.jpg,0.4,10,
24,3,0,0.869622547189504,ESCH02-1_333.jpg,0.5,3,
25,3,0,0.869622547189504,ESCH02-1_333.jpg,0.5,5,
26,3,0,0.869622547189504,ESCH02-1_333.jpg,0.5,8,
27,3,0,0.869622547189504,ESCH02-1_333.jpg,0.5,10,
0,0,43,,ESCH02-1_337.jpg,0.01,3,
1,0,43,,ESCH02-1_337.jpg,0.01,5,
2,0,43,,ESCH02-1_337.jpg,0.01,8,
3,0,43,,ESCH02-1_337.jpg,0.01,10,
4,2,24,0.015009561360923853,ESCH02-1_337.jpg,0.05,3,
5,2,29,-0.15900800104655105,ESCH02-1_337.jpg,0.05,5,
6,0,43,,ESCH02-1_337.jpg,0.05,8,
7,0,43,,ESCH02-1_337.jpg,0.05,10,
8,4,15,0.15474802998066758,ESCH02-1_337.jpg,0.1,3,
9,1,25,,ESCH02-1_337.jpg,0.1,5,
10,1,26,,ESCH02-1_337.jpg,0.1,8,
11,1,26,,ESCH02-1_337.jpg,0.1,10,
12,4,3,0.7862582956339573,ESCH02-1_337.jpg,0.2,3,
13,3,7,0.8640904098165296,ESCH02-1_337.jpg,0.2,5,
14,1,19,,ESCH02-1_337.jpg,0.2,8,
15,1,19,,ESCH02-1_337.jpg,0.2,10,
16,4,1,0.7637673552656822,ESCH02-1_337.jpg,0.3,3,
17,4,2,0.7452627925760019,ESCH02-1_337.jpg,0.3,5,
18,1,19,,ESCH02-1_337.jpg,0.3,8,
19,1,19,,ESCH02-1_337.jpg,0.3,10,
20,4,1,0.7637673552656822,ESCH02-1_337.jpg,0.4,3,
21,4,1,0.7637673552656822,ESCH02-1_337.jpg,0.4,5,
22,1,19,,ESCH02-1_337.jpg,0.4,8,
23,1,19,,ESCH02-1_337.jpg,0.4,10,
24,4,0,0.8640904098165296,ESCH02-1_337.jpg,0.5,3,
25,4,0,0.8640904098165296,ESCH02-1_337.jpg,0.5,5,
26,1,19,,ESCH02-1_337.jpg,0.5,8,
27,1,19,,ESCH02-1_337.jpg,0.5,10,
0,8,179,-0.6194251557686944,ESCH02-1_339.jpg,0.01,3,
1,1,202,,ESCH02-1_339.jpg,0.01,5,
2,0,207,,ESCH02-1_339.jpg,0.01,8,
3,0,207,,ESCH02-1_339.jpg,0.01,10,
4,9,28,0.6414390680742601,ESCH02-1_339.jpg,0.05,3,
5,8,36,0.6105752395876614,ESCH02-1_339.jpg,0.05,5,
6,8,46,0.5247879408042609,ESCH02-1_339.jpg,0.05,8,
7,7,56,0.4705142331045675,ESCH02-1_339.jpg,0.05,10,
8,8,17,0.7494407939751767,ESCH02-1_339.jpg,0.1,3,
9,8,18,0.7475071970519744,ESCH02-1_339.jpg,0.1,5,
10,8,20,0.73104600847556,ESCH02-1_339.jpg,0.1,8,
11,8,21,0.7270178722904593,ESCH02-1_339.jpg,0.1,10,
12,7,13,0.7535533379540638,ESCH02-1_339.jpg,0.2,3,
13,7,13,0.7535533379540638,ESCH02-1_339.jpg,0.2,5,
14,7,13,0.7535533379540638,ESCH02-1_339.jpg,0.2,8,
15,7,13,0.7535533379540638,ESCH02-1_339.jpg,0.2,10,
16,7,10,0.6521528508861472,ESCH02-1_339.jpg,0.3,3,
17,6,13,0.6469207049467425,ESCH02-1_339.jpg,0.3,5,
18,6,13,0.6469207049467425,ESCH02-1_339.jpg,0.3,8,
19,6,13,0.6469207049467425,ESCH02-1_339.jpg,0.3,10,
20,6,7,0.6851545727304248,ESCH02-1_339.jpg,0.4,3,
21,6,9,0.6685561757674786,ESCH02-1_339.jpg,0.4,5,
22,6,9,0.6685561757674786,ESCH02-1_339.jpg,0.4,8,
23,6,9,0.6685561757674786,ESCH02-1_339.jpg,0.4,10,
24,6,6,0.6916908507777471,ESCH02-1_339.jpg,0.5,3,
25,6,6,0.6916908507777471,ESCH02-1_339.jpg,0.5,5,
26,6,6,0.6916908507777471,ESCH02-1_339.jpg,0.5,8,
27,6,6,0.6916908507777471,ESCH02-1_339.jpg,0.5,10,
0,1,51,,ESCH02-1_355.jpg,0.01,3,
1,0,55,,ESCH02-1_355.jpg,0.01,5,
2,0,55,,ESCH02-1_355.jpg,0.01,8,
3,0,55,,ESCH02-1_355.jpg,0.01,10,
4,4,13,0.4157024028942423,ESCH02-1_355.jpg,0.05,3,
5,3,19,0.3394394459916046,ESCH02-1_355.jpg,0.05,5,
6,2,25,0.24267010319464682,ESCH02-1_355.jpg,0.05,8,
7,1,37,,ESCH02-1_355.jpg,0.05,10,
8,3,3,0.8751093490794811,ESCH02-1_355.jpg,0.1,3,
9,3,4,0.8341445863404927,ESCH02-1_355.jpg,0.1,5,
10,2,10,0.7806956441729259,ESCH02-1_355.jpg,0.1,8,
11,2,10,0.7806956441729259,ESCH02-1_355.jpg,0.1,10,
12,3,2,0.9369213722330366,ESCH02-1_355.jpg,0.2,3,
13,3,2,0.9369213722330366,ESCH02-1_355.jpg,0.2,5,
14,2,8,0.8589306996827548,ESCH02-1_355.jpg,0.2,8,
15,2,8,0.8589306996827548,ESCH02-1_355.jpg,0.2,10,
16,3,2,0.9369213722330366,ESCH02-1_355.jpg,0.3,3,
17,3,2,0.9369213722330366,ESCH02-1_355.jpg,0.3,5,
18,2,8,0.8589306996827548,ESCH02-1_355.jpg,0.3,8,
19,2,8,0.8589306996827548,ESCH02-1_355.jpg,0.3,10,
20,3,2,0.9369213722330366,ESCH02-1_355.jpg,0.4,3,
21,3,2,0.9369213722330366,ESCH02-1_355.jpg,0.4,5,
22,2,8,0.8589306996827548,ESCH02-1_355.jpg,0.4,8,
23,2,8,0.8589306996827548,ESCH02-1_355.jpg,0.4,10,
24,3,2,0.9369213722330366,ESCH02-1_355.jpg,0.5,3,
25,3,2,0.9369213722330366,ESCH02-1_355.jpg,0.5,5,
26,2,8,0.8589306996827548,ESCH02-1_355.jpg,0.5,8,
27,2,8,0.8589306996827548,ESCH02-1_355.jpg,0.5,10,
0,4,147,-0.2668358457346053,ESCH02-1_409.jpg,0.01,3,
1,1,158,,ESCH02-1_409.jpg,0.01,5,
2,0,163,,ESCH02-1_409.jpg,0.01,8,
3,0,163,,ESCH02-1_409.jpg,0.01,10,
4,6,27,0.5107297307474297,ESCH02-1_409.jpg,0.05,3,
5,6,32,0.4748024123186581,ESCH02-1_409.jpg,0.05,5,
6,5,54,0.3113442299277444,ESCH02-1_409.jpg,0.05,8,
7,4,74,0.31418756224056665,ESCH02-1_409.jpg,0.05,10,
8,5,7,0.7815015501627987,ESCH02-1_409.jpg,0.1,3,
9,5,7,0.7815015501627987,ESCH02-1_409.jpg,0.1,5,
10,5,9,0.7642072881301845,ESCH02-1_409.jpg,0.1,8,
11,5,10,0.7556973362480008,ESCH02-1_409.jpg,0.1,10,
12,4,6,0.8465176106878403,ESCH02-1_409.jpg,0.2,3,
13,4,6,0.8465176106878403,ESCH02-1_409.jpg,0.2,5,
14,4,6,0.8465176106878403,ESCH02-1_409.jpg,0.2,8,
15,4,6,0.8465176106878403,ESCH02-1_409.jpg,0.2,10,
16,4,6,0.8465176106878403,ESCH02-1_409.jpg,0.3,3,
17,4,6,0.8465176106878403,ESCH02-1_409.jpg,0.3,5,
18,4,6,0.8465176106878403,ESCH02-1_409.jpg,0.3,8,
19,4,6,0.8465176106878403,ESCH02-1_409.jpg,0.3,10,
20,4,6,0.8465176106878403,ESCH02-1_409.jpg,0.4,3,
21,4,6,0.8465176106878403,ESCH02-1_409.jpg,0.4,5,
22,4,6,0.8465176106878403,ESCH02-1_409.jpg,0.4,8,
23,4,6,0.8465176106878403,ESCH02-1_409.jpg,0.4,10,
24,4,6,0.8465176106878403,ESCH02-1_409.jpg,0.5,3,
25,4,6,0.8465176106878403,ESCH02-1_409.jpg,0.5,5,
26,4,6,0.8465176106878403,ESCH02-1_409.jpg,0.5,8,
27,4,6,0.8465176106878403,ESCH02-1_409.jpg,0.5,10,
0,2,44,-0.0688396653224307,ESCH02-1_431.jpg,0.01,3,
1,0,50,,ESCH02-1_431.jpg,0.01,5,
2,0,50,,ESCH02-1_431.jpg,0.01,8,
3,0,50,,ESCH02-1_431.jpg,0.01,10,
4,2,18,0.3649169580625486,ESCH02-1_431.jpg,0.05,3,
5,2,26,0.07803754109261471,ESCH02-1_431.jpg,0.05,5,
6,1,42,,ESCH02-1_431.jpg,0.05,8,
7,0,50,,ESCH02-1_431.jpg,0.05,10,
8,2,10,0.6409839106047093,ESCH02-1_431.jpg,0.1,3,
9,2,10,0.6409839106047093,ESCH02-1_431.jpg,0.1,5,
10,2,11,0.6071320677310461,ESCH02-1_431.jpg,0.1,8,
11,2,11,0.6071320677310461,ESCH02-1_431.jpg,0.1,10,
12,2,7,0.7361037899273319,ESCH02-1_431.jpg,0.2,3,
13,2,7,0.7361037899273319,ESCH02-1_431.jpg,0.2,5,
14,2,7,0.7361037899273319,ESCH02-1_431.jpg,0.2,8,
15,2,7,0.7361037899273319,ESCH02-1_431.jpg,0.2,10,
16,2,7,0.7361037899273319,ESCH02-1_431.jpg,0.3,3,
17,2,7,0.7361037899273319,ESCH02-1_431.jpg,0.3,5,
18,2,7,0.7361037899273319,ESCH02-1_431.jpg,0.3,8,
19,2,7,0.7361037899273319,ESCH02-1_431.jpg,0.3,10,
20,3,4,0.8079109356452092,ESCH02-1_431.jpg,0.4,3,
21,2,7,0.7361037899273319,ESCH02-1_431.jpg,0.4,5,
22,2,7,0.7361037899273319,ESCH02-1_431.jpg,0.4,8,
23,2,7,0.7361037899273319,ESCH02-1_431.jpg,0.4,10,
24,3,4,0.8079109356452092,ESCH02-1_431.jpg,0.5,3,
25,2,7,0.7361037899273319,ESCH02-1_431.jpg,0.5,5,
26,2,7,0.7361037899273319,ESCH02-1_431.jpg,0.5,8,
27,2,7,0.7361037899273319,ESCH02-1_431.jpg,0.5,10,
0,9,177,-0.5586155222698497,ESCH02-1_79.jpg,0.01,3,
1,1,204,,ESCH02-1_79.jpg,0.01,5,
2,0,209,,ESCH02-1_79.jpg,0.01,8,
3,0,209,,ESCH02-1_79.jpg,0.01,10,
4,12,22,0.6191270813319987,ESCH02-1_79.jpg,0.05,3,
5,8,41,0.5260824834806986,ESCH02-1_79.jpg,0.05,5,
6,7,58,0.4149913351187527,ESCH02-1_79.jpg,0.05,8,
7,6,82,0.25947101230926656,ESCH02-1_79.jpg,0.05,10,
8,8,7,0.754913093888066,ESCH02-1_79.jpg,0.1,3,
9,6,14,0.7312962757079903,ESCH02-1_79.jpg,0.1,5,
10,7,17,0.6931245497909625,ESCH02-1_79.jpg,0.1,8,
11,7,19,0.6819959644739836,ESCH02-1_79.jpg,0.1,10,
12,8,4,0.7741213495532733,ESCH02-1_79.jpg,0.2,3,
13,7,7,0.7569135455164507,ESCH02-1_79.jpg,0.2,5,
14,6,12,0.7490418796141213,ESCH02-1_79.jpg,0.2,8,
15,6,12,0.7490418796141213,ESCH02-1_79.jpg,0.2,10,
16,7,3,0.6893350010316609,ESCH02-1_79.jpg,0.3,3,
17,6,6,0.6704386041545778,ESCH02-1_79.jpg,0.3,5,
18,5,12,0.6548271818146618,ESCH02-1_79.jpg,0.3,8,
19,5,12,0.6548271818146618,ESCH02-1_79.jpg,0.3,10,
20,5,2,0.7328942515112865,ESCH02-1_79.jpg,0.4,3,
21,5,3,0.7544960194844017,ESCH02-1_79.jpg,0.4,5,
22,4,9,0.7480511689804344,ESCH02-1_79.jpg,0.4,8,
23,4,9,0.7480511689804344,ESCH02-1_79.jpg,0.4,10,
24,5,0,0.7670750555513499,ESCH02-1_79.jpg,0.5,3,
25,5,0,0.7670750555513499,ESCH02-1_79.jpg,0.5,5,
26,4,7,0.7670750555513499,ESCH02-1_79.jpg,0.5,8,
27,4,7,0.7670750555513499,ESCH02-1_79.jpg,0.5,10,
0,2,70,-0.40982186021446315,ESCH02-2_30.jpg,0.01,3,
1,0,78,,ESCH02-2_30.jpg,0.01,5,
2,0,78,,ESCH02-2_30.jpg,0.01,8,
3,0,78,,ESCH02-2_30.jpg,0.01,10,
4,9,31,0.1597050316241785,ESCH02-2_30.jpg,0.05,3,
5,4,50,-0.1466309468594036,ESCH02-2_30.jpg,0.05,5,
6,1,66,,ESCH02-2_30.jpg,0.05,8,
7,1,66,,ESCH02-2_30.jpg,0.05,10,
8,8,19,0.4028231790773855,ESCH02-2_30.jpg,0.1,3,
9,5,30,0.24724661161283165,ESCH02-2_30.jpg,0.1,5,
10,2,50,-0.006587540933969629,ESCH02-2_30.jpg,0.1,8,
11,1,65,,ESCH02-2_30.jpg,0.1,10,
12,9,12,0.5472247414314646,ESCH02-2_30.jpg,0.2,3,
13,4,29,0.28268224327005054,ESCH02-2_30.jpg,0.2,5,
14,4,29,0.28268224327005054,ESCH02-2_30.jpg,0.2,8,
15,4,30,0.26107146596149094,ESCH02-2_30.jpg,0.2,10,
16,5,9,0.5761934924515947,ESCH02-2_30.jpg,0.3,3,
17,4,13,0.5506305702309414,ESCH02-2_30.jpg,0.3,5,
18,3,18,0.4787808770292366,ESCH02-2_30.jpg,0.3,8,
19,3,22,0.4200924269792176,ESCH02-2_30.jpg,0.3,10,
20,4,7,0.6144861313793744,ESCH02-2_30.jpg,0.4,3,
21,4,7,0.6144861313793744,ESCH02-2_30.jpg,0.4,5,
22,3,12,0.5722539512713721,ESCH02-2_30.jpg,0.4,8,
23,3,15,0.5218314775112983,ESCH02-2_30.jpg,0.4,10,
24,4,6,0.6162033150647869,ESCH02-2_30.jpg,0.5,3,
25,4,6,0.6162033150647869,ESCH02-2_30.jpg,0.5,5,
26,3,11,0.5776204346904346,ESCH02-2_30.jpg,0.5,8,
27,3,12,0.5585456881673587,ESCH02-2_30.jpg,0.5,10,
0,0,27,,FMO01_123.jpg,0.01,3,
1,0,27,,FMO01_123.jpg,0.01,5,
2,0,27,,FMO01_123.jpg,0.01,8,
3,0,27,,FMO01_123.jpg,0.01,10,
4,2,10,0.41904697314251194,FMO01_123.jpg,0.05,3,
5,2,11,0.3454275626085446,FMO01_123.jpg,0.05,5,
6,1,19,,FMO01_123.jpg,0.05,8,
7,0,27,,FMO01_123.jpg,0.05,10,
8,3,2,0.8867503115463897,FMO01_123.jpg,0.1,3,
9,2,6,0.7045486813397145,FMO01_123.jpg,0.1,5,
10,2,6,0.7045486813397145,FMO01_123.jpg,0.1,8,
11,1,16,,FMO01_123.jpg,0.1,10,
12,3,2,0.8867503115463897,FMO01_123.jpg,0.2,3,
13,2,5,0.7731353106869849,FMO01_123.jpg,0.2,5,
14,2,5,0.7731353106869849,FMO01_123.jpg,0.2,8,
15,2,5,0.7731353106869849,FMO01_123.jpg,0.2,10,
16,3,2,0.8867503115463897,FMO01_123.jpg,0.3,3,
17,2,5,0.7731353106869849,FMO01_123.jpg,0.3,5,
18,2,5,0.7731353106869849,FMO01_123.jpg,0.3,8,
19,2,5,0.7731353106869849,FMO01_123.jpg,0.3,10,
20,3,2,0.8867503115463897,FMO01_123.jpg,0.4,3,
21,2,5,0.7731353106869849,FMO01_123.jpg,0.4,5,
22,2,5,0.7731353106869849,FMO01_123.jpg,0.4,8,
23,2,5,0.7731353106869849,FMO01_123.jpg,0.4,10,
24,3,2,0.8867503115463897,FMO01_123.jpg,0.5,3,
25,2,5,0.7731353106869849,FMO01_123.jpg,0.5,5,
26,2,5,0.7731353106869849,FMO01_123.jpg,0.5,8,
27,2,5,0.7731353106869849,FMO01_123.jpg,0.5,10,
0,0,23,,FMO01_34.jpg,0.01,3,
1,0,23,,FMO01_34.jpg,0.01,5,
2,0,23,,FMO01_34.jpg,0.01,8,
3,0,23,,FMO01_34.jpg,0.01,10,
4,0,23,,FMO01_34.jpg,0.05,3,
5,0,23,,FMO01_34.jpg,0.05,5,
6,0,23,,FMO01_34.jpg,0.05,8,
7,0,23,,FMO01_34.jpg,0.05,10,
8,0,23,,FMO01_34.jpg,0.1,3,
9,0,23,,FMO01_34.jpg,0.1,5,
10,0,23,,FMO01_34.jpg,0.1,8,
11,0,23,,FMO01_34.jpg,0.1,10,
12,1,19,,FMO01_34.jpg,0.2,3,
13,0,23,,FMO01_34.jpg,0.2,5,
14,0,23,,FMO01_34.jpg,0.2,8,
15,0,23,,FMO01_34.jpg,0.2,10,
16,2,14,-0.006609072674751565,FMO01_34.jpg,0.3,3,
17,1,18,,FMO01_34.jpg,0.3,5,
18,0,23,,FMO01_34.jpg,0.3,8,
19,0,23,,FMO01_34.jpg,0.3,10,
20,2,14,-0.006609072674751565,FMO01_34.jpg,0.4,3,
21,1,17,,FMO01_34.jpg,0.4,5,
22,0,23,,FMO01_34.jpg,0.4,8,
23,0,23,,FMO01_34.jpg,0.4,10,
24,2,8,0.12329887801717455,FMO01_34.jpg,0.5,3,
25,1,13,,FMO01_34.jpg,0.5,5,
26,1,15,,FMO01_34.jpg,0.5,8,
27,0,23,,FMO01_34.jpg,0.5,10,
0,6,67,-0.47989043440727963,FMO01_69.jpg,0.01,3,
1,0,87,,FMO01_69.jpg,0.01,5,
2,0,87,,FMO01_69.jpg,0.01,8,
3,0,87,,FMO01_69.jpg,0.01,10,
4,5,2,0.9042569673132517,FMO01_69.jpg,0.05,3,
5,5,3,0.8764761707164039,FMO01_69.jpg,0.05,5,
6,4,10,0.7776517990751568,FMO01_69.jpg,0.05,8,
7,4,10,0.7776517990751568,FMO01_69.jpg,0.05,10,
8,5,2,0.9042569673132517,FMO01_69.jpg,0.1,3,
9,5,2,0.9042569673132517,FMO01_69.jpg,0.1,5,
10,4,8,0.8245890766047713,FMO01_69.jpg,0.1,8,
11,4,8,0.8245890766047713,FMO01_69.jpg,0.1,10,
12,5,2,0.9042569673132517,FMO01_69.jpg,0.2,3,
13,5,2,0.9042569673132517,FMO01_69.jpg,0.2,5,
14,4,8,0.8245890766047713,FMO01_69.jpg,0.2,8,
15,4,8,0.8245890766047713,FMO01_69.jpg,0.2,10,
16,5,2,0.9042569673132517,FMO01_69.jpg,0.3,3,
17,5,2,0.9042569673132517,FMO01_69.jpg,0.3,5,
18,4,8,0.8245890766047713,FMO01_69.jpg,0.3,8,
19,4,8,0.8245890766047713,FMO01_69.jpg,0.3,10,
20,5,2,0.9042569673132517,FMO01_69.jpg,0.4,3,
21,5,2,0.9042569673132517,FMO01_69.jpg,0.4,5,
22,4,8,0.8245890766047713,FMO01_69.jpg,0.4,8,
23,4,8,0.8245890766047713,FMO01_69.jpg,0.4,10,
24,5,2,0.9042569673132517,FMO01_69.jpg,0.5,3,
25,5,2,0.9042569673132517,FMO01_69.jpg,0.5,5,
26,4,8,0.8245890766047713,FMO01_69.jpg,0.5,8,
27,4,8,0.8245890766047713,FMO01_69.jpg,0.5,10,
0,4,95,-0.4752560740855674,FMO01_70.jpg,0.01,3,
1,0,108,,FMO01_70.jpg,0.01,5,
2,0,108,,FMO01_70.jpg,0.01,8,
3,0,108,,FMO01_70.jpg,0.01,10,
4,6,16,0.613851803410057,FMO01_70.jpg,0.05,3,
5,5,21,0.5872906917112614,FMO01_70.jpg,0.05,5,
6,5,27,0.4836416207840447,FMO01_70.jpg,0.05,8,
7,5,33,0.3799471503811726,FMO01_70.jpg,0.05,10,
8,5,5,0.8388115624833491,FMO01_70.jpg,0.1,3,
9,5,5,0.8388115624833491,FMO01_70.jpg,0.1,5,
10,5,6,0.8254183214149121,FMO01_70.jpg,0.1,8,
11,5,6,0.8254183214149121,FMO01_70.jpg,0.1,10,
12,5,2,0.8877705365900829,FMO01_70.jpg,0.2,3,
13,5,2,0.8877705365900829,FMO01_70.jpg,0.2,5,
14,5,2,0.8877705365900829,FMO01_70.jpg,0.2,8,
15,5,2,0.8877705365900829,FMO01_70.jpg,0.2,10,
16,5,2,0.8877705365900829,FMO01_70.jpg,0.3,3,
17,5,2,0.8877705365900829,FMO01_70.jpg,0.3,5,
18,5,2,0.8877705365900829,FMO01_70.jpg,0.3,8,
19,5,2,0.8877705365900829,FMO01_70.jpg,0.3,10,
20,5,2,0.8877705365900829,FMO01_70.jpg,0.4,3,
21,5,2,0.8877705365900829,FMO01_70.jpg,0.4,5,
22,5,2,0.8877705365900829,FMO01_70.jpg,0.4,8,
23,5,2,0.8877705365900829,FMO01_70.jpg,0.4,10,
24,4,2,0.8506961267608403,FMO01_70.jpg,0.5,3,
25,4,2,0.8506961267608403,FMO01_70.jpg,0.5,5,
26,4,2,0.8506961267608403,FMO01_70.jpg,0.5,8,
27,4,2,0.8506961267608403,FMO01_70.jpg,0.5,10,
0,7,96,-0.46709931030001384,FMO01_89.jpg,0.01,3,
1,0,126,,FMO01_89.jpg,0.01,5,
2,0,126,,FMO01_89.jpg,0.01,8,
3,0,126,,FMO01_89.jpg,0.01,10,
4,7,13,0.7526542611638858,FMO01_89.jpg,0.05,3,
5,5,26,0.6435844343956105,FMO01_89.jpg,0.05,5,
6,4,36,0.5043591240724306,FMO01_89.jpg,0.05,8,
7,4,37,0.48944418634132913,FMO01_89.jpg,0.05,10,
8,7,5,0.8630312574665682,FMO01_89.jpg,0.1,3,
9,7,6,0.8489986062064782,FMO01_89.jpg,0.1,5,
10,4,25,0.6599150517697308,FMO01_89.jpg,0.1,8,
11,4,25,0.6599150517697308,FMO01_89.jpg,0.1,10,
12,7,3,0.887598940370044,FMO01_89.jpg,0.2,3,
13,7,3,0.887598940370044,FMO01_89.jpg,0.2,5,
14,4,23,0.6858012698320292,FMO01_89.jpg,0.2,8,
15,4,23,0.6858012698320292,FMO01_89.jpg,0.2,10,
16,7,3,0.887598940370044,FMO01_89.jpg,0.3,3,
17,7,3,0.887598940370044,FMO01_89.jpg,0.3,5,
18,4,23,0.6858012698320292,FMO01_89.jpg,0.3,8,
19,4,23,0.6858012698320292,FMO01_89.jpg,0.3,10,
20,7,3,0.887598940370044,FMO01_89.jpg,0.4,3,
21,7,3,0.887598940370044,FMO01_89.jpg,0.4,5,
22,4,23,0.6858012698320292,FMO01_89.jpg,0.4,8,
23,4,23,0.6858012698320292,FMO01_89.jpg,0.4,10,
24,6,3,0.8487481501040733,FMO01_89.jpg,0.5,3,
25,6,3,0.8487481501040733,FMO01_89.jpg,0.5,5,
26,4,16,0.749851391281986,FMO01_89.jpg,0.5,8,
27,4,19,0.7173270690991737,FMO01_89.jpg,0.5,10,
0,0,47,,FMO02-1_108.jpg,0.01,3,
1,0,47,,FMO02-1_108.jpg,0.01,5,
2,0,47,,FMO02-1_108.jpg,0.01,8,
3,0,47,,FMO02-1_108.jpg,0.01,10,
4,4,21,-0.07405461545735272,FMO02-1_108.jpg,0.05,3,
5,2,33,-0.33018005896087443,FMO02-1_108.jpg,0.05,5,
6,0,47,,FMO02-1_108.jpg,0.05,8,
7,0,47,,FMO02-1_108.jpg,0.05,10,
8,2,10,0.5608729833524552,FMO02-1_108.jpg,0.1,3,
9,2,10,0.5608729833524552,FMO02-1_108.jpg,0.1,5,
10,2,10,0.5608729833524552,FMO02-1_108.jpg,0.1,8,
11,2,12,0.4860280376483425,FMO02-1_108.jpg,0.1,10,
12,2,3,0.8162143579102791,FMO02-1_108.jpg,0.2,3,
13,2,3,0.8162143579102791,FMO02-1_108.jpg,0.2,5,
14,2,3,0.8162143579102791,FMO02-1_108.jpg,0.2,8,
15,2,3,0.8162143579102791,FMO02-1_108.jpg,0.2,10,
16,2,3,0.8162143579102791,FMO02-1_108.jpg,0.3,3,
17,2,3,0.8162143579102791,FMO02-1_108.jpg,0.3,5,
18,2,3,0.8162143579102791,FMO02-1_108.jpg,0.3,8,
19,2,3,0.8162143579102791,FMO02-1_108.jpg,0.3,10,
20,2,2,0.8503978005347744,FMO02-1_108.jpg,0.4,3,
21,2,2,0.8503978005347744,FMO02-1_108.jpg,0.4,5,
22,2,2,0.8503978005347744,FMO02-1_108.jpg,0.4,8,
23,2,2,0.8503978005347744,FMO02-1_108.jpg,0.4,10,
24,2,2,0.8503978005347744,FMO02-1_108.jpg,0.5,3,
25,2,2,0.8503978005347744,FMO02-1_108.jpg,0.5,5,
26,2,2,0.8503978005347744,FMO02-1_108.jpg,0.5,8,
27,2,2,0.8503978005347744,FMO02-1_108.jpg,0.5,10,
0,4,54,-0.45802867036832706,FMO02-1_114.jpg,0.01,3,
1,0,70,,FMO02-1_114.jpg,0.01,5,
2,0,70,,FMO02-1_114.jpg,0.01,8,
3,0,70,,FMO02-1_114.jpg,0.01,10,
4,4,9,0.7396612471521427,FMO02-1_114.jpg,0.05,3,
5,3,14,0.7228498079484194,FMO02-1_114.jpg,0.05,5,
6,3,15,0.6942343301832072,FMO02-1_114.jpg,0.05,8,
7,3,17,0.6296518836427564,FMO02-1_114.jpg,0.05,10,
8,4,5,0.8417620210649076,FMO02-1_114.jpg,0.1,3,
9,4,5,0.8417620210649076,FMO02-1_114.jpg,0.1,5,
10,3,11,0.8220399313253304,FMO02-1_114.jpg,0.1,8,
11,3,11,0.8220399313253304,FMO02-1_114.jpg,0.1,10,
12,4,4,0.8653156370462157,FMO02-1_114.jpg,0.2,3,
13,4,4,0.8653156370462157,FMO02-1_114.jpg,0.2,5,
14,3,10,0.851121883431705,FMO02-1_114.jpg,0.2,8,
15,3,10,0.851121883431705,FMO02-1_114.jpg,0.2,10,
16,4,4,0.8653156370462157,FMO02-1_114.jpg,0.3,3,
17,4,4,0.8653156370462157,FMO02-1_114.jpg,0.3,5,
18,3,10,0.851121883431705,FMO02-1_114.jpg,0.3,8,
19,3,10,0.851121883431705,FMO02-1_114.jpg,0.3,10,
20,4,4,0.8653156370462157,FMO02-1_114.jpg,0.4,3,
21,4,4,0.8653156370462157,FMO02-1_114.jpg,0.4,5,
22,3,10,0.851121883431705,FMO02-1_114.jpg,0.4,8,
23,3,10,0.851121883431705,FMO02-1_114.jpg,0.4,10,
24,3,3,0.760640142901231,FMO02-1_114.jpg,0.5,3,
25,3,3,0.760640142901231,FMO02-1_114.jpg,0.5,5,
26,3,9,0.8671406209251953,FMO02-1_114.jpg,0.5,8,
27,3,9,0.8671406209251953,FMO02-1_114.jpg,0.5,10,
0,1,15,,FMO02-1_131.jpg,0.01,3,
1,0,18,,FMO02-1_131.jpg,0.01,5,
2,0,18,,FMO02-1_131.jpg,0.01,8,
3,0,18,,FMO02-1_131.jpg,0.01,10,
4,1,6,,FMO02-1_131.jpg,0.05,3,
5,1,8,,FMO02-1_131.jpg,0.05,5,
6,1,9,,FMO02-1_131.jpg,0.05,8,
7,0,18,,FMO02-1_131.jpg,0.05,10,
8,2,1,0.9261411640284921,FMO02-1_131.jpg,0.1,3,
9,1,4,,FMO02-1_131.jpg,0.1,5,
10,1,4,,FMO02-1_131.jpg,0.1,8,
11,1,4,,FMO02-1_131.jpg,0.1,10,
12,2,1,0.9261411640284921,FMO02-1_131.jpg,0.2,3,
13,1,4,,FMO02-1_131.jpg,0.2,5,
14,1,4,,FMO02-1_131.jpg,0.2,8,
15,1,4,,FMO02-1_131.jpg,0.2,10,
16,2,1,0.9261411640284921,FMO02-1_131.jpg,0.3,3,
17,1,4,,FMO02-1_131.jpg,0.3,5,
18,1,4,,FMO02-1_131.jpg,0.3,8,
19,1,4,,FMO02-1_131.jpg,0.3,10,
20,2,1,0.9261411640284921,FMO02-1_131.jpg,0.4,3,
21,1,4,,FMO02-1_131.jpg,0.4,5,
22,1,4,,FMO02-1_131.jpg,0.4,8,
23,1,4,,FMO02-1_131.jpg,0.4,10,
24,2,1,0.9261411640284921,FMO02-1_131.jpg,0.5,3,
25,1,4,,FMO02-1_131.jpg,0.5,5,
26,1,4,,FMO02-1_131.jpg,0.5,8,
27,1,4,,FMO02-1_131.jpg,0.5,10,
0,0,33,,FMO02-1_76.jpg,0.01,3,
1,0,33,,FMO02-1_76.jpg,0.01,5,
2,0,33,,FMO02-1_76.jpg,0.01,8,
3,0,33,,FMO02-1_76.jpg,0.01,10,
4,2,12,0.2916428791253617,FMO02-1_76.jpg,0.05,3,
5,1,15,,FMO02-1_76.jpg,0.05,5,
6,1,22,,FMO02-1_76.jpg,0.05,8,
7,0,33,,FMO02-1_76.jpg,0.05,10,
8,2,7,0.5414865953820941,FMO02-1_76.jpg,0.1,3,
9,2,7,0.5414865953820941,FMO02-1_76.jpg,0.1,5,
10,1,13,,FMO02-1_76.jpg,0.1,8,
11,1,15,,FMO02-1_76.jpg,0.1,10,
12,2,4,0.6594767416041039,FMO02-1_76.jpg,0.2,3,
13,2,4,0.6594767416041039,FMO02-1_76.jpg,0.2,5,
14,1,11,,FMO02-1_76.jpg,0.2,8,
15,1,11,,FMO02-1_76.jpg,0.2,10,
16,1,2,,FMO02-1_76.jpg,0.3,3,
17,1,2,,FMO02-1_76.jpg,0.3,5,
18,2,2,0.7227675696170868,FMO02-1_76.jpg,0.3,8,
19,1,9,,FMO02-1_76.jpg,0.3,10,
20,1,1,,FMO02-1_76.jpg,0.4,3,
21,1,1,,FMO02-1_76.jpg,0.4,5,
22,1,1,,FMO02-1_76.jpg,0.4,8,
23,1,4,,FMO02-1_76.jpg,0.4,10,
24,1,1,,FMO02-1_76.jpg,0.5,3,
25,1,1,,FMO02-1_76.jpg,0.5,5,
26,1,1,,FMO02-1_76.jpg,0.5,8,
27,1,1,,FMO02-1_76.jpg,0.5,10,
0,0,7,,FMO02-1_79.jpg,0.01,3,
1,0,7,,FMO02-1_79.jpg,0.01,5,
2,0,7,,FMO02-1_79.jpg,0.01,8,
3,0,7,,FMO02-1_79.jpg,0.01,10,
4,0,7,,FMO02-1_79.jpg,0.05,3,
5,0,7,,FMO02-1_79.jpg,0.05,5,
6,0,7,,FMO02-1_79.jpg,0.05,8,
7,0,7,,FMO02-1_79.jpg,0.05,10,
8,0,7,,FMO02-1_79.jpg,0.1,3,
9,0,7,,FMO02-1_79.jpg,0.1,5,
10,0,7,,FMO02-1_79.jpg,0.1,8,
11,0,7,,FMO02-1_79.jpg,0.1,10,
12,0,7,,FMO02-1_79.jpg,0.2,3,
13,0,7,,FMO02-1_79.jpg,0.2,5,
14,0,7,,FMO02-1_79.jpg,0.2,8,
15,0,7,,FMO02-1_79.jpg,0.2,10,
16,0,7,,FMO02-1_79.jpg,0.3,3,
17,0,7,,FMO02-1_79.jpg,0.3,5,
18,0,7,,FMO02-1_79.jpg,0.3,8,
19,0,7,,FMO02-1_79.jpg,0.3,10,
20,0,7,,FMO02-1_79.jpg,0.4,3,
21,0,7,,FMO02-1_79.jpg,0.4,5,
22,0,7,,FMO02-1_79.jpg,0.4,8,
23,0,7,,FMO02-1_79.jpg,0.4,10,
24,0,7,,FMO02-1_79.jpg,0.5,3,
25,0,7,,FMO02-1_79.jpg,0.5,5,
26,0,7,,FMO02-1_79.jpg,0.5,8,
27,0,7,,FMO02-1_79.jpg,0.5,10,
0,0,7,,FMO02-2_104.jpg,0.01,3,
1,0,7,,FMO02-2_104.jpg,0.01,5,
2,0,7,,FMO02-2_104.jpg,0.01,8,
3,0,7,,FMO02-2_104.jpg,0.01,10,
4,0,7,,FMO02-2_104.jpg,0.05,3,
5,0,7,,FMO02-2_104.jpg,0.05,5,
6,0,7,,FMO02-2_104.jpg,0.05,8,
7,0,7,,FMO02-2_104.jpg,0.05,10,
8,0,7,,FMO02-2_104.jpg,0.1,3,
9,0,7,,FMO02-2_104.jpg,0.1,5,
10,0,7,,FMO02-2_104.jpg,0.1,8,
11,0,7,,FMO02-2_104.jpg,0.1,10,
12,0,7,,FMO02-2_104.jpg,0.2,3,
13,0,7,,FMO02-2_104.jpg,0.2,5,
14,0,7,,FMO02-2_104.jpg,0.2,8,
15,0,7,,FMO02-2_104.jpg,0.2,10,
16,0,7,,FMO02-2_104.jpg,0.3,3,
17,0,7,,FMO02-2_104.jpg,0.3,5,
18,0,7,,FMO02-2_104.jpg,0.3,8,
19,0,7,,FMO02-2_104.jpg,0.3,10,
20,0,7,,FMO02-2_104.jpg,0.4,3,
21,0,7,,FMO02-2_104.jpg,0.4,5,
22,0,7,,FMO02-2_104.jpg,0.4,8,
23,0,7,,FMO02-2_104.jpg,0.4,10,
24,0,7,,FMO02-2_104.jpg,0.5,3,
25,0,7,,FMO02-2_104.jpg,0.5,5,
26,0,7,,FMO02-2_104.jpg,0.5,8,
27,0,7,,FMO02-2_104.jpg,0.5,10,
0,0,43,,FMO03-1_14.jpg,0.01,3,
1,0,43,,FMO03-1_14.jpg,0.01,5,
2,0,43,,FMO03-1_14.jpg,0.01,8,
3,0,43,,FMO03-1_14.jpg,0.01,10,
4,2,14,0.3842033200603533,FMO03-1_14.jpg,0.05,3,
5,2,19,0.16948704972843495,FMO03-1_14.jpg,0.05,5,
6,2,27,-0.17787824110492265,FMO03-1_14.jpg,0.05,8,
7,0,43,,FMO03-1_14.jpg,0.05,10,
8,2,6,0.7250839693990501,FMO03-1_14.jpg,0.1,3,
9,2,7,0.6833835018076164,FMO03-1_14.jpg,0.1,5,
10,2,8,0.6412702969358323,FMO03-1_14.jpg,0.1,8,
11,2,8,0.6412702969358323,FMO03-1_14.jpg,0.1,10,
12,2,3,0.8419834090376569,FMO03-1_14.jpg,0.2,3,
13,2,4,0.8032587360234932,FMO03-1_14.jpg,0.2,5,
14,2,4,0.8032587360234932,FMO03-1_14.jpg,0.2,8,
15,2,4,0.8032587360234932,FMO03-1_14.jpg,0.2,10,
16,2,3,0.8419834090376569,FMO03-1_14.jpg,0.3,3,
17,2,3,0.8419834090376569,FMO03-1_14.jpg,0.3,5,
18,2,3,0.8419834090376569,FMO03-1_14.jpg,0.3,8,
19,2,3,0.8419834090376569,FMO03-1_14.jpg,0.3,10,
20,2,3,0.8419834090376569,FMO03-1_14.jpg,0.4,3,
21,2,3,0.8419834090376569,FMO03-1_14.jpg,0.4,5,
22,2,3,0.8419834090376569,FMO03-1_14.jpg,0.4,8,
23,2,3,0.8419834090376569,FMO03-1_14.jpg,0.4,10,
24,2,2,0.8759709472294592,FMO03-1_14.jpg,0.5,3,
25,2,2,0.8759709472294592,FMO03-1_14.jpg,0.5,5,
26,2,2,0.8759709472294592,FMO03-1_14.jpg,0.5,8,
27,2,2,0.8759709472294592,FMO03-1_14.jpg,0.5,10,
0,21,186,-0.32521116064340294,FMO03-1_63.jpg,0.01,3,
1,8,256,-0.5119370583995799,FMO03-1_63.jpg,0.01,5,
2,0,312,,FMO03-1_63.jpg,0.01,8,
3,0,312,,FMO03-1_63.jpg,0.01,10,
4,13,15,0.8066930896015188,FMO03-1_63.jpg,0.05,3,
5,12,22,0.7728077041638147,FMO03-1_63.jpg,0.05,5,
6,12,26,0.7515078874586263,FMO03-1_63.jpg,0.05,8,
7,12,27,0.7467808947215644,FMO03-1_63.jpg,0.05,10,
8,13,6,0.8476226284256114,FMO03-1_63.jpg,0.1,3,
9,12,10,0.8297544588789538,FMO03-1_63.jpg,0.1,5,
10,12,10,0.8297544588789538,FMO03-1_63.jpg,0.1,8,
11,12,10,0.8297544588789538,FMO03-1_63.jpg,0.1,10,
12,11,3,0.7835771197495717,FMO03-1_63.jpg,0.2,3,
13,10,7,0.7686682292829116,FMO03-1_63.jpg,0.2,5,
14,10,7,0.7686682292829116,FMO03-1_63.jpg,0.2,8,
15,10,7,0.7686682292829116,FMO03-1_63.jpg,0.2,10,
16,8,2,0.6010432506620412,FMO03-1_63.jpg,0.3,3,
17,7,6,0.5881429981518059,FMO03-1_63.jpg,0.3,5,
18,7,6,0.5881429981518059,FMO03-1_63.jpg,0.3,8,
19,7,6,0.5881429981518059,FMO03-1_63.jpg,0.3,10,
20,6,1,0.5769542872816004,FMO03-1_63.jpg,0.4,3,
21,5,5,0.6644266532975011,FMO03-1_63.jpg,0.4,5,
22,5,5,0.6644266532975011,FMO03-1_63.jpg,0.4,8,
23,5,5,0.6644266532975011,FMO03-1_63.jpg,0.4,10,
24,6,1,0.5769542872816004,FMO03-1_63.jpg,0.5,3,
25,5,5,0.6644266532975011,FMO03-1_63.jpg,0.5,5,
26,5,5,0.6644266532975011,FMO03-1_63.jpg,0.5,8,
27,5,5,0.6644266532975011,FMO03-1_63.jpg,0.5,10,
0,19,187,-0.4101830633619732,FMO03-1_77.jpg,0.01,3,
1,3,251,-0.4304673365902678,FMO03-1_77.jpg,0.01,5,
2,1,263,,FMO03-1_77.jpg,0.01,8,
3,0,271,,FMO03-1_77.jpg,0.01,10,
4,12,8,0.8167617156390924,FMO03-1_77.jpg,0.05,3,
5,12,11,0.802204168801519,FMO03-1_77.jpg,0.05,5,
6,12,13,0.7901761706394704,FMO03-1_77.jpg,0.05,8,
7,12,14,0.7852931148962244,FMO03-1_77.jpg,0.05,10,
8,12,2,0.8531038681839564,FMO03-1_77.jpg,0.1,3,
9,12,2,0.8531038681839564,FMO03-1_77.jpg,0.1,5,
10,12,2,0.8531038681839564,FMO03-1_77.jpg,0.1,8,
11,12,2,0.8531038681839564,FMO03-1_77.jpg,0.1,10,
12,9,2,0.7330691076363547,FMO03-1_77.jpg,0.2,3,
13,9,2,0.7330691076363547,FMO03-1_77.jpg,0.2,5,
14,9,2,0.7330691076363547,FMO03-1_77.jpg,0.2,8,
15,9,2,0.7330691076363547,FMO03-1_77.jpg,0.2,10,
16,7,2,0.7323839403716151,FMO03-1_77.jpg,0.3,3,
17,7,2,0.7323839403716151,FMO03-1_77.jpg,0.3,5,
18,7,2,0.7323839403716151,FMO03-1_77.jpg,0.3,8,
19,7,2,0.7323839403716151,FMO03-1_77.jpg,0.3,10,
20,6,2,0.7157136469953767,FMO03-1_77.jpg,0.4,3,
21,6,2,0.7157136469953767,FMO03-1_77.jpg,0.4,5,
22,6,2,0.7157136469953767,FMO03-1_77.jpg,0.4,8,
23,6,2,0.7157136469953767,FMO03-1_77.jpg,0.4,10,
24,4,2,0.5696862437538383,FMO03-1_77.jpg,0.5,3,
25,4,2,0.5696862437538383,FMO03-1_77.jpg,0.5,5,
26,4,2,0.5696862437538383,FMO03-1_77.jpg,0.5,8,
27,4,2,0.5696862437538383,FMO03-1_77.jpg,0.5,10,
0,13,183,-0.43990526935986757,FMO03-2_66.jpg,0.01,3,
1,6,230,-0.5277983757558817,FMO03-2_66.jpg,0.01,5,
2,0,259,,FMO03-2_66.jpg,0.01,8,
3,0,259,,FMO03-2_66.jpg,0.01,10,
4,10,29,0.6874375765108642,FMO03-2_66.jpg,0.05,3,
5,10,29,0.6874375765108642,FMO03-2_66.jpg,0.05,5,
6,10,36,0.6443499553393058,FMO03-2_66.jpg,0.05,8,
7,10,38,0.6307926135493969,FMO03-2_66.jpg,0.05,10,
8,9,12,0.8008517909841424,FMO03-2_66.jpg,0.1,3,
9,9,12,0.8008517909841424,FMO03-2_66.jpg,0.1,5,
10,9,12,0.8008517909841424,FMO03-2_66.jpg,0.1,8,
11,9,12,0.8008517909841424,FMO03-2_66.jpg,0.1,10,
12,8,5,0.8246058250384701,FMO03-2_66.jpg,0.2,3,
13,8,5,0.8246058250384701,FMO03-2_66.jpg,0.2,5,
14,8,5,0.8246058250384701,FMO03-2_66.jpg,0.2,8,
15,8,5,0.8246058250384701,FMO03-2_66.jpg,0.2,10,
16,8,5,0.8246058250384701,FMO03-2_66.jpg,0.3,3,
17,8,5,0.8246058250384701,FMO03-2_66.jpg,0.3,5,
18,8,5,0.8246058250384701,FMO03-2_66.jpg,0.3,8,
19,8,5,0.8246058250384701,FMO03-2_66.jpg,0.3,10,
20,6,4,0.7669595756767219,FMO03-2_66.jpg,0.4,3,
21,6,4,0.7669595756767219,FMO03-2_66.jpg,0.4,5,
22,6,4,0.7669595756767219,FMO03-2_66.jpg,0.4,8,
23,6,4,0.7669595756767219,FMO03-2_66.jpg,0.4,10,
24,6,3,0.772814280658908,FMO03-2_66.jpg,0.5,3,
25,6,3,0.772814280658908,FMO03-2_66.jpg,0.5,5,
26,6,3,0.772814280658908,FMO03-2_66.jpg,0.5,8,
27,6,3,0.772814280658908,FMO03-2_66.jpg,0.5,10,
0,1,530,,FMO03-2_70.jpg,0.01,3,
1,1,531,,FMO03-2_70.jpg,0.01,5,
2,0,541,,FMO03-2_70.jpg,0.01,8,
3,0,541,,FMO03-2_70.jpg,0.01,10,
4,17,472,-0.5376479542273624,FMO03-2_70.jpg,0.05,3,
5,1,522,,FMO03-2_70.jpg,0.05,5,
6,1,522,,FMO03-2_70.jpg,0.05,8,
7,1,522,,FMO03-2_70.jpg,0.05,10,
8,58,246,-0.08570330160875453,FMO03-2_70.jpg,0.1,3,
9,11,455,-0.44734626845271364,FMO03-2_70.jpg,0.1,5,
10,1,519,,FMO03-2_70.jpg,0.1,8,
11,1,519,,FMO03-2_70.jpg,0.1,10,
12,15,13,-0.18900862274434638,FMO03-2_70.jpg,0.2,3,
13,11,74,-0.2133495461919784,FMO03-2_70.jpg,0.2,5,
14,10,223,-0.03750902300907933,FMO03-2_70.jpg,0.2,8,
15,8,327,-0.18567528704193756,FMO03-2_70.jpg,0.2,10,
16,1,0,,FMO03-2_70.jpg,0.3,3,
17,1,0,,FMO03-2_70.jpg,0.3,5,
18,1,16,,FMO03-2_70.jpg,0.3,8,
19,6,42,-0.03647552094911911,FMO03-2_70.jpg,0.3,10,
20,1,0,,FMO03-2_70.jpg,0.4,3,
21,1,0,,FMO03-2_70.jpg,0.4,5,
22,1,0,,FMO03-2_70.jpg,0.4,8,
23,1,0,,FMO03-2_70.jpg,0.4,10,
24,1,0,,FMO03-2_70.jpg,0.5,3,
25,1,0,,FMO03-2_70.jpg,0.5,5,
26,1,0,,FMO03-2_70.jpg,0.5,8,
27,1,0,,FMO03-2_70.jpg,0.5,10,
0,23,245,-0.3678358007743514,FMO03-2_76.jpg,0.01,3,
1,6,328,-0.35180696223762575,FMO03-2_76.jpg,0.01,5,
2,0,362,,FMO03-2_76.jpg,0.01,8,
3,0,362,,FMO03-2_76.jpg,0.01,10,
4,20,23,0.722484416251202,FMO03-2_76.jpg,0.05,3,
5,20,23,0.722484416251202,FMO03-2_76.jpg,0.05,5,
6,19,33,0.682274968643774,FMO03-2_76.jpg,0.05,8,
7,18,46,0.6366440110426449,FMO03-2_76.jpg,0.05,10,
8,16,11,0.7219169051583151,FMO03-2_76.jpg,0.1,3,
9,16,11,0.7219169051583151,FMO03-2_76.jpg,0.1,5,
10,15,16,0.7001111463106177,FMO03-2_76.jpg,0.1,8,
11,15,16,0.7001111463106177,FMO03-2_76.jpg,0.1,10,
12,10,7,0.6970219199821144,FMO03-2_76.jpg,0.2,3,
13,10,7,0.6970219199821144,FMO03-2_76.jpg,0.2,5,
14,9,12,0.675923342157545,FMO03-2_76.jpg,0.2,8,
15,9,12,0.675923342157545,FMO03-2_76.jpg,0.2,10,
16,8,6,0.4588285078129498,FMO03-2_76.jpg,0.3,3,
17,8,6,0.4588285078129498,FMO03-2_76.jpg,0.3,5,
18,7,11,0.4380277924490568,FMO03-2_76.jpg,0.3,8,
19,7,11,0.4380277924490568,FMO03-2_76.jpg,0.3,10,
20,7,2,0.5142356337244636,FMO03-2_76.jpg,0.4,3,
21,7,2,0.5142356337244636,FMO03-2_76.jpg,0.4,5,
22,6,7,0.49046947356391424,FMO03-2_76.jpg,0.4,8,
23,6,7,0.49046947356391424,FMO03-2_76.jpg,0.4,10,
24,5,2,0.37035868780253184,FMO03-2_76.jpg,0.5,3,
25,5,2,0.37035868780253184,FMO03-2_76.jpg,0.5,5,
26,4,7,0.35847973694918867,FMO03-2_76.jpg,0.5,8,
27,4,7,0.35847973694918867,FMO03-2_76.jpg,0.5,10,
0,0,9,,FMO04-1_14.jpg,0.01,3,
1,0,9,,FMO04-1_14.jpg,0.01,5,
2,0,9,,FMO04-1_14.jpg,0.01,8,
3,0,9,,FMO04-1_14.jpg,0.01,10,
4,1,6,,FMO04-1_14.jpg,0.05,3,
5,0,9,,FMO04-1_14.jpg,0.05,5,
6,0,9,,FMO04-1_14.jpg,0.05,8,
7,0,9,,FMO04-1_14.jpg,0.05,10,
8,1,3,,FMO04-1_14.jpg,0.1,3,
9,1,4,,FMO04-1_14.jpg,0.1,5,
10,0,9,,FMO04-1_14.jpg,0.1,8,
11,0,9,,FMO04-1_14.jpg,0.1,10,
12,1,1,,FMO04-1_14.jpg,0.2,3,
13,1,2,,FMO04-1_14.jpg,0.2,5,
14,0,9,,FMO04-1_14.jpg,0.2,8,
15,0,9,,FMO04-1_14.jpg,0.2,10,
16,1,1,,FMO04-1_14.jpg,0.3,3,
17,1,1,,FMO04-1_14.jpg,0.3,5,
18,1,1,,FMO04-1_14.jpg,0.3,8,
19,0,9,,FMO04-1_14.jpg,0.3,10,
20,1,1,,FMO04-1_14.jpg,0.4,3,
21,1,1,,FMO04-1_14.jpg,0.4,5,
22,1,1,,FMO04-1_14.jpg,0.4,8,
23,0,9,,FMO04-1_14.jpg,0.4,10,
24,1,1,,FMO04-1_14.jpg,0.5,3,
25,1,1,,FMO04-1_14.jpg,0.5,5,
26,1,1,,FMO04-1_14.jpg,0.5,8,
27,0,9,,FMO04-1_14.jpg,0.5,10,
0,4,90,-0.34425217825790083,FMO04-1_86.jpg,0.01,3,
1,0,104,,FMO04-1_86.jpg,0.01,5,
2,0,104,,FMO04-1_86.jpg,0.01,8,
3,0,104,,FMO04-1_86.jpg,0.01,10,
4,7,12,0.5378616629559914,FMO04-1_86.jpg,0.05,3,
5,5,20,0.5457102198955762,FMO04-1_86.jpg,0.05,5,
6,4,32,0.46202672620797347,FMO04-1_86.jpg,0.05,8,
7,4,32,0.46202672620797347,FMO04-1_86.jpg,0.05,10,
8,5,3,0.819994368981797,FMO04-1_86.jpg,0.1,3,
9,5,3,0.819994368981797,FMO04-1_86.jpg,0.1,5,
10,5,6,0.779476080705509,FMO04-1_86.jpg,0.1,8,
11,4,18,0.7231564817791425,FMO04-1_86.jpg,0.1,10,
12,5,0,0.8664311001304749,FMO04-1_86.jpg,0.2,3,
13,5,1,0.8147242575109084,FMO04-1_86.jpg,0.2,5,
14,5,1,0.8147242575109084,FMO04-1_86.jpg,0.2,8,
15,5,1,0.8147242575109084,FMO04-1_86.jpg,0.2,10,
16,4,0,0.7575317619127646,FMO04-1_86.jpg,0.3,3,
17,4,0,0.7575317619127646,FMO04-1_86.jpg,0.3,5,
18,4,0,0.7575317619127646,FMO04-1_86.jpg,0.3,8,
19,4,0,0.7575317619127646,FMO04-1_86.jpg,0.3,10,
20,3,0,0.8991446193532486,FMO04-1_86.jpg,0.4,3,
21,3,0,0.8991446193532486,FMO04-1_86.jpg,0.4,5,
22,3,0,0.8991446193532486,FMO04-1_86.jpg,0.4,8,
23,3,0,0.8991446193532486,FMO04-1_86.jpg,0.4,10,
24,3,0,0.8991446193532486,FMO04-1_86.jpg,0.5,3,
25,3,0,0.8991446193532486,FMO04-1_86.jpg,0.5,5,
26,3,0,0.8991446193532486,FMO04-1_86.jpg,0.5,8,
27,3,0,0.8991446193532486,FMO04-1_86.jpg,0.5,10,
0,8,80,-0.3479480696742105,FMO04-2_46.jpg,0.01,3,
1,3,105,0.13589149029310302,FMO04-2_46.jpg,0.01,5,
2,0,125,,FMO04-2_46.jpg,0.01,8,
3,0,125,,FMO04-2_46.jpg,0.01,10,
4,5,17,0.7129449749770005,FMO04-2_46.jpg,0.05,3,
5,5,17,0.7129449749770005,FMO04-2_46.jpg,0.05,5,
6,5,21,0.6586203603645828,FMO04-2_46.jpg,0.05,8,
7,5,23,0.6313784687662559,FMO04-2_46.jpg,0.05,10,
8,5,15,0.7416331849864481,FMO04-2_46.jpg,0.1,3,
9,5,15,0.7416331849864481,FMO04-2_46.jpg,0.1,5,
10,5,15,0.7416331849864481,FMO04-2_46.jpg,0.1,8,
11,5,15,0.7416331849864481,FMO04-2_46.jpg,0.1,10,
12,5,8,0.8248199447862122,FMO04-2_46.jpg,0.2,3,
13,5,8,0.8248199447862122,FMO04-2_46.jpg,0.2,5,
14,5,8,0.8248199447862122,FMO04-2_46.jpg,0.2,8,
15,5,8,0.8248199447862122,FMO04-2_46.jpg,0.2,10,
16,5,7,0.8284286891731116,FMO04-2_46.jpg,0.3,3,
17,5,7,0.8284286891731116,FMO04-2_46.jpg,0.3,5,
18,5,7,0.8284286891731116,FMO04-2_46.jpg,0.3,8,
19,5,7,0.8284286891731116,FMO04-2_46.jpg,0.3,10,
20,5,6,0.83338287860327,FMO04-2_46.jpg,0.4,3,
21,5,6,0.83338287860327,FMO04-2_46.jpg,0.4,5,
22,5,6,0.83338287860327,FMO04-2_46.jpg,0.4,8,
23,5,6,0.83338287860327,FMO04-2_46.jpg,0.4,10,
24,4,5,0.8048426984859279,FMO04-2_46.jpg,0.5,3,
25,4,5,0.8048426984859279,FMO04-2_46.jpg,0.5,5,
26,4,5,0.8048426984859279,FMO04-2_46.jpg,0.5,8,
27,4,5,0.8048426984859279,FMO04-2_46.jpg,0.5,10,
0,0,22,,FMO06_115.jpg,0.01,3,
1,0,22,,FMO06_115.jpg,0.01,5,
2,0,22,,FMO06_115.jpg,0.01,8,
3,0,22,,FMO06_115.jpg,0.01,10,
4,0,22,,FMO06_115.jpg,0.05,3,
5,0,22,,FMO06_115.jpg,0.05,5,
6,0,22,,FMO06_115.jpg,0.05,8,
7,0,22,,FMO06_115.jpg,0.05,10,
8,0,22,,FMO06_115.jpg,0.1,3,
9,0,22,,FMO06_115.jpg,0.1,5,
10,0,22,,FMO06_115.jpg,0.1,8,
11,0,22,,FMO06_115.jpg,0.1,10,
12,0,22,,FMO06_115.jpg,0.2,3,
13,0,22,,FMO06_115.jpg,0.2,5,
14,0,22,,FMO06_115.jpg,0.2,8,
15,0,22,,FMO06_115.jpg,0.2,10,
16,1,17,,FMO06_115.jpg,0.3,3,
17,0,22,,FMO06_115.jpg,0.3,5,
18,0,22,,FMO06_115.jpg,0.3,8,
19,0,22,,FMO06_115.jpg,0.3,10,
20,2,12,-0.010970959159721043,FMO06_115.jpg,0.4,3,
21,0,22,,FMO06_115.jpg,0.4,5,
22,0,22,,FMO06_115.jpg,0.4,8,
23,0,22,,FMO06_115.jpg,0.4,10,
24,1,8,,FMO06_115.jpg,0.5,3,
25,1,10,,FMO06_115.jpg,0.5,5,
26,0,22,,FMO06_115.jpg,0.5,8,
27,0,22,,FMO06_115.jpg,0.5,10,
0,0,7,,FMO06_184.jpg,0.01,3,
1,0,7,,FMO06_184.jpg,0.01,5,
2,0,7,,FMO06_184.jpg,0.01,8,
3,0,7,,FMO06_184.jpg,0.01,10,
4,0,7,,FMO06_184.jpg,0.05,3,
5,0,7,,FMO06_184.jpg,0.05,5,
6,0,7,,FMO06_184.jpg,0.05,8,
7,0,7,,FMO06_184.jpg,0.05,10,
8,0,7,,FMO06_184.jpg,0.1,3,
9,0,7,,FMO06_184.jpg,0.1,5,
10,0,7,,FMO06_184.jpg,0.1,8,
11,0,7,,FMO06_184.jpg,0.1,10,
12,0,7,,FMO06_184.jpg,0.2,3,
13,0,7,,FMO06_184.jpg,0.2,5,
14,0,7,,FMO06_184.jpg,0.2,8,
15,0,7,,FMO06_184.jpg,0.2,10,
16,0,7,,FMO06_184.jpg,0.3,3,
17,0,7,,FMO06_184.jpg,0.3,5,
18,0,7,,FMO06_184.jpg,0.3,8,
19,0,7,,FMO06_184.jpg,0.3,10,
20,0,7,,FMO06_184.jpg,0.4,3,
21,0,7,,FMO06_184.jpg,0.4,5,
22,0,7,,FMO06_184.jpg,0.4,8,
23,0,7,,FMO06_184.jpg,0.4,10,
24,0,7,,FMO06_184.jpg,0.5,3,
25,0,7,,FMO06_184.jpg,0.5,5,
26,0,7,,FMO06_184.jpg,0.5,8,
27,0,7,,FMO06_184.jpg,0.5,10,
0,12,93,-0.2082131303182587,FMO06_197.jpg,0.01,3,
1,5,126,-0.353143599835659,FMO06_197.jpg,0.01,5,
2,0,163,,FMO06_197.jpg,0.01,8,
3,0,163,,FMO06_197.jpg,0.01,10,
4,9,7,0.8782300245786179,FMO06_197.jpg,0.05,3,
5,9,7,0.8782300245786179,FMO06_197.jpg,0.05,5,
6,9,7,0.8782300245786179,FMO06_197.jpg,0.05,8,
7,7,23,0.7470248145695575,FMO06_197.jpg,0.05,10,
8,9,4,0.9110570976726452,FMO06_197.jpg,0.1,3,
9,9,4,0.9110570976726452,FMO06_197.jpg,0.1,5,
10,9,4,0.9110570976726452,FMO06_197.jpg,0.1,8,
11,7,21,0.7737253056901349,FMO06_197.jpg,0.1,10,
12,9,4,0.9110570976726452,FMO06_197.jpg,0.2,3,
13,9,4,0.9110570976726452,FMO06_197.jpg,0.2,5,
14,9,4,0.9110570976726452,FMO06_197.jpg,0.2,8,
15,7,21,0.7737253056901349,FMO06_197.jpg,0.2,10,
16,9,4,0.9110570976726452,FMO06_197.jpg,0.3,3,
17,9,4,0.9110570976726452,FMO06_197.jpg,0.3,5,
18,9,4,0.9110570976726452,FMO06_197.jpg,0.3,8,
19,7,21,0.7737253056901349,FMO06_197.jpg,0.3,10,
20,8,3,0.8583712147977891,FMO06_197.jpg,0.4,3,
21,8,3,0.8583712147977891,FMO06_197.jpg,0.4,5,
22,8,3,0.8583712147977891,FMO06_197.jpg,0.4,8,
23,6,20,0.7311439407959194,FMO06_197.jpg,0.4,10,
24,8,2,0.8662166223931835,FMO06_197.jpg,0.5,3,
25,8,2,0.8662166223931835,FMO06_197.jpg,0.5,5,
26,8,2,0.8662166223931835,FMO06_197.jpg,0.5,8,
27,6,19,0.7458850907906518,FMO06_197.jpg,0.5,10,
0,0,14,,FMO06_28.jpg,0.01,3,
1,0,14,,FMO06_28.jpg,0.01,5,
2,0,14,,FMO06_28.jpg,0.01,8,
3,0,14,,FMO06_28.jpg,0.01,10,
4,0,14,,FMO06_28.jpg,0.05,3,
5,0,14,,FMO06_28.jpg,0.05,5,
6,0,14,,FMO06_28.jpg,0.05,8,
7,0,14,,FMO06_28.jpg,0.05,10,
8,0,14,,FMO06_28.jpg,0.1,3,
9,0,14,,FMO06_28.jpg,0.1,5,
10,0,14,,FMO06_28.jpg,0.1,8,
11,0,14,,FMO06_28.jpg,0.1,10,
12,0,14,,FMO06_28.jpg,0.2,3,
13,0,14,,FMO06_28.jpg,0.2,5,
14,0,14,,FMO06_28.jpg,0.2,8,
15,0,14,,FMO06_28.jpg,0.2,10,
16,0,14,,FMO06_28.jpg,0.3,3,
17,0,14,,FMO06_28.jpg,0.3,5,
18,0,14,,FMO06_28.jpg,0.3,8,
19,0,14,,FMO06_28.jpg,0.3,10,
20,0,14,,FMO06_28.jpg,0.4,3,
21,0,14,,FMO06_28.jpg,0.4,5,
22,0,14,,FMO06_28.jpg,0.4,8,
23,0,14,,FMO06_28.jpg,0.4,10,
24,1,11,,FMO06_28.jpg,0.5,3,
25,0,14,,FMO06_28.jpg,0.5,5,
26,0,14,,FMO06_28.jpg,0.5,8,
27,0,14,,FMO06_28.jpg,0.5,10,
0,3,30,-0.2663698207937769,FMO06_53.jpg,0.01,3,
1,0,39,,FMO06_53.jpg,0.01,5,
2,0,39,,FMO06_53.jpg,0.01,8,
3,0,39,,FMO06_53.jpg,0.01,10,
4,1,13,,FMO06_53.jpg,0.05,3,
5,1,18,,FMO06_53.jpg,0.05,5,
6,1,21,,FMO06_53.jpg,0.05,8,
7,1,21,,FMO06_53.jpg,0.05,10,
8,3,2,0.8681046476805074,FMO06_53.jpg,0.1,3,
9,2,6,0.9468705126990147,FMO06_53.jpg,0.1,5,
10,1,12,,FMO06_53.jpg,0.1,8,
11,1,12,,FMO06_53.jpg,0.1,10,
12,3,1,0.9036853980200089,FMO06_53.jpg,0.2,3,
13,3,1,0.9036853980200089,FMO06_53.jpg,0.2,5,
14,1,12,,FMO06_53.jpg,0.2,8,
15,1,12,,FMO06_53.jpg,0.2,10,
16,3,1,0.9036853980200089,FMO06_53.jpg,0.3,3,
17,3,1,0.9036853980200089,FMO06_53.jpg,0.3,5,
18,1,12,,FMO06_53.jpg,0.3,8,
19,1,12,,FMO06_53.jpg,0.3,10,
20,3,1,0.9036853980200089,FMO06_53.jpg,0.4,3,
21,3,1,0.9036853980200089,FMO06_53.jpg,0.4,5,
22,1,12,,FMO06_53.jpg,0.4,8,
23,1,12,,FMO06_53.jpg,0.4,10,
24,3,1,0.9036853980200089,FMO06_53.jpg,0.5,3,
25,3,1,0.9036853980200089,FMO06_53.jpg,0.5,5,
26,1,12,,FMO06_53.jpg,0.5,8,
27,1,12,,FMO06_53.jpg,0.5,10,
0,0,27,,GEB01-2_152.jpg,0.01,3,
1,0,27,,GEB01-2_152.jpg,0.01,5,
2,0,27,,GEB01-2_152.jpg,0.01,8,
3,0,27,,GEB01-2_152.jpg,0.01,10,
4,2,8,0.5659662816469152,GEB01-2_152.jpg,0.05,3,
5,2,12,0.2833087246841173,GEB01-2_152.jpg,0.05,5,
6,1,18,,GEB01-2_152.jpg,0.05,8,
7,0,27,,GEB01-2_152.jpg,0.05,10,
8,2,6,0.7154663545214012,GEB01-2_152.jpg,0.1,3,
9,2,6,0.7154663545214012,GEB01-2_152.jpg,0.1,5,
10,1,14,,GEB01-2_152.jpg,0.1,8,
11,1,14,,GEB01-2_152.jpg,0.1,10,
12,2,5,0.7944176321790096,GEB01-2_152.jpg,0.2,3,
13,2,5,0.7944176321790096,GEB01-2_152.jpg,0.2,5,
14,2,5,0.7944176321790096,GEB01-2_152.jpg,0.2,8,
15,1,14,,GEB01-2_152.jpg,0.2,10,
16,2,5,0.7944176321790096,GEB01-2_152.jpg,0.3,3,
17,2,5,0.7944176321790096,GEB01-2_152.jpg,0.3,5,
18,2,5,0.7944176321790096,GEB01-2_152.jpg,0.3,8,
19,1,14,,GEB01-2_152.jpg,0.3,10,
20,2,5,0.7944176321790096,GEB01-2_152.jpg,0.4,3,
21,2,5,0.7944176321790096,GEB01-2_152.jpg,0.4,5,
22,2,5,0.7944176321790096,GEB01-2_152.jpg,0.4,8,
23,1,14,,GEB01-2_152.jpg,0.4,10,
24,2,5,0.7944176321790096,GEB01-2_152.jpg,0.5,3,
25,2,5,0.7944176321790096,GEB01-2_152.jpg,0.5,5,
26,2,5,0.7944176321790096,GEB01-2_152.jpg,0.5,8,
27,1,14,,GEB01-2_152.jpg,0.5,10,
0,0,69,,GEB01-2_228.jpg,0.01,3,
1,0,69,,GEB01-2_228.jpg,0.01,5,
2,0,69,,GEB01-2_228.jpg,0.01,8,
3,0,69,,GEB01-2_228.jpg,0.01,10,
4,6,48,-0.24588558935110083,GEB01-2_228.jpg,0.05,3,
5,0,69,,GEB01-2_228.jpg,0.05,5,
6,0,69,,GEB01-2_228.jpg,0.05,8,
7,0,69,,GEB01-2_228.jpg,0.05,10,
8,1,20,,GEB01-2_228.jpg,0.1,3,
9,2,23,0.11823486151438903,GEB01-2_228.jpg,0.1,5,
10,2,53,-0.28167557578472446,GEB01-2_228.jpg,0.1,8,
11,0,69,,GEB01-2_228.jpg,0.1,10,
12,2,10,0.681421733604118,GEB01-2_228.jpg,0.2,3,
13,1,15,,GEB01-2_228.jpg,0.2,5,
14,1,16,,GEB01-2_228.jpg,0.2,8,
15,1,16,,GEB01-2_228.jpg,0.2,10,
16,2,8,0.7079047236751591,GEB01-2_228.jpg,0.3,3,
17,1,14,,GEB01-2_228.jpg,0.3,5,
18,1,14,,GEB01-2_228.jpg,0.3,8,
19,1,14,,GEB01-2_228.jpg,0.3,10,
20,2,6,0.7479255452998471,GEB01-2_228.jpg,0.4,3,
21,2,7,0.7357642635466426,GEB01-2_228.jpg,0.4,5,
22,1,12,,GEB01-2_228.jpg,0.4,8,
23,1,12,,GEB01-2_228.jpg,0.4,10,
24,2,5,0.75918727461084,GEB01-2_228.jpg,0.5,3,
25,2,5,0.75918727461084,GEB01-2_228.jpg,0.5,5,
26,1,12,,GEB01-2_228.jpg,0.5,8,
27,1,12,,GEB01-2_228.jpg,0.5,10,
0,0,10,,GEB02-1_382.jpg,0.01,3,
1,0,10,,GEB02-1_382.jpg,0.01,5,
2,0,10,,GEB02-1_382.jpg,0.01,8,
3,0,10,,GEB02-1_382.jpg,0.01,10,
4,0,10,,GEB02-1_382.jpg,0.05,3,
5,0,10,,GEB02-1_382.jpg,0.05,5,
6,0,10,,GEB02-1_382.jpg,0.05,8,
7,0,10,,GEB02-1_382.jpg,0.05,10,
8,0,10,,GEB02-1_382.jpg,0.1,3,
9,0,10,,GEB02-1_382.jpg,0.1,5,
10,0,10,,GEB02-1_382.jpg,0.1,8,
11,0,10,,GEB02-1_382.jpg,0.1,10,
12,0,10,,GEB02-1_382.jpg,0.2,3,
13,0,10,,GEB02-1_382.jpg,0.2,5,
14,0,10,,GEB02-1_382.jpg,0.2,8,
15,0,10,,GEB02-1_382.jpg,0.2,10,
16,1,7,,GEB02-1_382.jpg,0.3,3,
17,0,10,,GEB02-1_382.jpg,0.3,5,
18,0,10,,GEB02-1_382.jpg,0.3,8,
19,0,10,,GEB02-1_382.jpg,0.3,10,
20,1,7,,GEB02-1_382.jpg,0.4,3,
21,0,10,,GEB02-1_382.jpg,0.4,5,
22,0,10,,GEB02-1_382.jpg,0.4,8,
23,0,10,,GEB02-1_382.jpg,0.4,10,
24,1,7,,GEB02-1_382.jpg,0.5,3,
25,0,10,,GEB02-1_382.jpg,0.5,5,
26,0,10,,GEB02-1_382.jpg,0.5,8,
27,0,10,,GEB02-1_382.jpg,0.5,10,
0,0,27,,GEB02-3_197.jpg,0.01,3,
1,0,27,,GEB02-3_197.jpg,0.01,5,
2,0,27,,GEB02-3_197.jpg,0.01,8,
3,0,27,,GEB02-3_197.jpg,0.01,10,
4,0,27,,GEB02-3_197.jpg,0.05,3,
5,0,27,,GEB02-3_197.jpg,0.05,5,
6,0,27,,GEB02-3_197.jpg,0.05,8,
7,0,27,,GEB02-3_197.jpg,0.05,10,
8,1,22,,GEB02-3_197.jpg,0.1,3,
9,0,27,,GEB02-3_197.jpg,0.1,5,
10,0,27,,GEB02-3_197.jpg,0.1,8,
11,0,27,,GEB02-3_197.jpg,0.1,10,
12,3,16,0.03887431044704954,GEB02-3_197.jpg,0.2,3,
13,1,22,,GEB02-3_197.jpg,0.2,5,
14,0,27,,GEB02-3_197.jpg,0.2,8,
15,0,27,,GEB02-3_197.jpg,0.2,10,
16,2,12,0.22488846207143742,GEB02-3_197.jpg,0.3,3,
17,1,17,,GEB02-3_197.jpg,0.3,5,
18,0,27,,GEB02-3_197.jpg,0.3,8,
19,0,27,,GEB02-3_197.jpg,0.3,10,
20,3,7,0.33048102511484373,GEB02-3_197.jpg,0.4,3,
21,1,15,,GEB02-3_197.jpg,0.4,5,
22,1,17,,GEB02-3_197.jpg,0.4,8,
23,0,27,,GEB02-3_197.jpg,0.4,10,
24,2,4,0.45793088135973115,GEB02-3_197.jpg,0.5,3,
25,1,12,,GEB02-3_197.jpg,0.5,5,
26,1,13,,GEB02-3_197.jpg,0.5,8,
27,1,16,,GEB02-3_197.jpg,0.5,10,
0,0,14,,GWA01-2_231.jpg,0.01,3,
1,0,14,,GWA01-2_231.jpg,0.01,5,
2,0,14,,GWA01-2_231.jpg,0.01,8,
3,0,14,,GWA01-2_231.jpg,0.01,10,
4,0,14,,GWA01-2_231.jpg,0.05,3,
5,0,14,,GWA01-2_231.jpg,0.05,5,
6,0,14,,GWA01-2_231.jpg,0.05,8,
7,0,14,,GWA01-2_231.jpg,0.05,10,
8,3,5,0.10964236549543895,GWA01-2_231.jpg,0.1,3,
9,0,14,,GWA01-2_231.jpg,0.1,5,
10,0,14,,GWA01-2_231.jpg,0.1,8,
11,0,14,,GWA01-2_231.jpg,0.1,10,
12,2,3,0.571395393395791,GWA01-2_231.jpg,0.2,3,
13,2,4,0.4380540800585524,GWA01-2_231.jpg,0.2,5,
14,0,14,,GWA01-2_231.jpg,0.2,8,
15,0,14,,GWA01-2_231.jpg,0.2,10,
16,2,3,0.571395393395791,GWA01-2_231.jpg,0.3,3,
17,2,3,0.571395393395791,GWA01-2_231.jpg,0.3,5,
18,0,14,,GWA01-2_231.jpg,0.3,8,
19,0,14,,GWA01-2_231.jpg,0.3,10,
20,1,2,,GWA01-2_231.jpg,0.4,3,
21,1,2,,GWA01-2_231.jpg,0.4,5,
22,1,6,,GWA01-2_231.jpg,0.4,8,
23,0,14,,GWA01-2_231.jpg,0.4,10,
24,1,2,,GWA01-2_231.jpg,0.5,3,
25,1,2,,GWA01-2_231.jpg,0.5,5,
26,1,2,,GWA01-2_231.jpg,0.5,8,
27,1,2,,GWA01-2_231.jpg,0.5,10,
0,0,6,,GWA01-3_91.jpg,0.01,3,
1,0,6,,GWA01-3_91.jpg,0.01,5,
2,0,6,,GWA01-3_91.jpg,0.01,8,
3,0,6,,GWA01-3_91.jpg,0.01,10,
4,1,3,,GWA01-3_91.jpg,0.05,3,
5,0,6,,GWA01-3_91.jpg,0.05,5,
6,0,6,,GWA01-3_91.jpg,0.05,8,
7,0,6,,GWA01-3_91.jpg,0.05,10,
8,1,3,,GWA01-3_91.jpg,0.1,3,
9,0,6,,GWA01-3_91.jpg,0.1,5,
10,0,6,,GWA01-3_91.jpg,0.1,8,
11,0,6,,GWA01-3_91.jpg,0.1,10,
12,1,3,,GWA01-3_91.jpg,0.2,3,
13,0,6,,GWA01-3_91.jpg,0.2,5,
14,0,6,,GWA01-3_91.jpg,0.2,8,
15,0,6,,GWA01-3_91.jpg,0.2,10,
16,1,2,,GWA01-3_91.jpg,0.3,3,
17,0,6,,GWA01-3_91.jpg,0.3,5,
18,0,6,,GWA01-3_91.jpg,0.3,8,
19,0,6,,GWA01-3_91.jpg,0.3,10,
20,1,2,,GWA01-3_91.jpg,0.4,3,
21,0,6,,GWA01-3_91.jpg,0.4,5,
22,0,6,,GWA01-3_91.jpg,0.4,8,
23,0,6,,GWA01-3_91.jpg,0.4,10,
24,1,2,,GWA01-3_91.jpg,0.5,3,
25,0,6,,GWA01-3_91.jpg,0.5,5,
26,0,6,,GWA01-3_91.jpg,0.5,8,
27,0,6,,GWA01-3_91.jpg,0.5,10,
0,0,28,,GWA02-1_223.jpg,0.01,3,
1,0,28,,GWA02-1_223.jpg,0.01,5,
2,0,28,,GWA02-1_223.jpg,0.01,8,
3,0,28,,GWA02-1_223.jpg,0.01,10,
4,0,28,,GWA02-1_223.jpg,0.05,3,
5,0,28,,GWA02-1_223.jpg,0.05,5,
6,0,28,,GWA02-1_223.jpg,0.05,8,
7,0,28,,GWA02-1_223.jpg,0.05,10,
8,0,28,,GWA02-1_223.jpg,0.1,3,
9,0,28,,GWA02-1_223.jpg,0.1,5,
10,0,28,,GWA02-1_223.jpg,0.1,8,
11,0,28,,GWA02-1_223.jpg,0.1,10,
12,1,25,,GWA02-1_223.jpg,0.2,3,
13,0,28,,GWA02-1_223.jpg,0.2,5,
14,0,28,,GWA02-1_223.jpg,0.2,8,
15,0,28,,GWA02-1_223.jpg,0.2,10,
16,2,20,-0.1441474295214293,GWA02-1_223.jpg,0.3,3,
17,0,28,,GWA02-1_223.jpg,0.3,5,
18,0,28,,GWA02-1_223.jpg,0.3,8,
19,0,28,,GWA02-1_223.jpg,0.3,10,
20,2,17,-0.07686452509479284,GWA02-1_223.jpg,0.4,3,
21,1,22,,GWA02-1_223.jpg,0.4,5,
22,0,28,,GWA02-1_223.jpg,0.4,8,
23,0,28,,GWA02-1_223.jpg,0.4,10,
24,1,9,,GWA02-1_223.jpg,0.5,3,
25,1,11,,GWA02-1_223.jpg,0.5,5,
26,0,28,,GWA02-1_223.jpg,0.5,8,
27,0,28,,GWA02-1_223.jpg,0.5,10,
0,0,12,,GWA02-2_25.jpg,0.01,3,
1,0,12,,GWA02-2_25.jpg,0.01,5,
2,0,12,,GWA02-2_25.jpg,0.01,8,
3,0,12,,GWA02-2_25.jpg,0.01,10,
4,0,12,,GWA02-2_25.jpg,0.05,3,
5,0,12,,GWA02-2_25.jpg,0.05,5,
6,0,12,,GWA02-2_25.jpg,0.05,8,
7,0,12,,GWA02-2_25.jpg,0.05,10,
8,0,12,,GWA02-2_25.jpg,0.1,3,
9,0,12,,GWA02-2_25.jpg,0.1,5,
10,0,12,,GWA02-2_25.jpg,0.1,8,
11,0,12,,GWA02-2_25.jpg,0.1,10,
12,0,12,,GWA02-2_25.jpg,0.2,3,
13,0,12,,GWA02-2_25.jpg,0.2,5,
14,0,12,,GWA02-2_25.jpg,0.2,8,
15,0,12,,GWA02-2_25.jpg,0.2,10,
16,0,12,,GWA02-2_25.jpg,0.3,3,
17,0,12,,GWA02-2_25.jpg,0.3,5,
18,0,12,,GWA02-2_25.jpg,0.3,8,
19,0,12,,GWA02-2_25.jpg,0.3,10,
20,0,12,,GWA02-2_25.jpg,0.4,3,
21,0,12,,GWA02-2_25.jpg,0.4,5,
22,0,12,,GWA02-2_25.jpg,0.4,8,
23,0,12,,GWA02-2_25.jpg,0.4,10,
24,1,8,,GWA02-2_25.jpg,0.5,3,
25,0,12,,GWA02-2_25.jpg,0.5,5,
26,0,12,,GWA02-2_25.jpg,0.5,8,
27,0,12,,GWA02-2_25.jpg,0.5,10,
0,0,29,,GWB01-1_76.jpg,0.01,3,
1,0,29,,GWB01-1_76.jpg,0.01,5,
2,0,29,,GWB01-1_76.jpg,0.01,8,
3,0,29,,GWB01-1_76.jpg,0.01,10,
4,1,25,,GWB01-1_76.jpg,0.05,3,
5,0,29,,GWB01-1_76.jpg,0.05,5,
6,0,29,,GWB01-1_76.jpg,0.05,8,
7,0,29,,GWB01-1_76.jpg,0.05,10,
8,1,11,,GWB01-1_76.jpg,0.1,3,
9,1,14,,GWB01-1_76.jpg,0.1,5,
10,1,21,,GWB01-1_76.jpg,0.1,8,
11,0,29,,GWB01-1_76.jpg,0.1,10,
12,1,6,,GWB01-1_76.jpg,0.2,3,
13,1,8,,GWB01-1_76.jpg,0.2,5,
14,1,9,,GWB01-1_76.jpg,0.2,8,
15,1,9,,GWB01-1_76.jpg,0.2,10,
16,1,4,,GWB01-1_76.jpg,0.3,3,
17,1,4,,GWB01-1_76.jpg,0.3,5,
18,1,5,,GWB01-1_76.jpg,0.3,8,
19,1,5,,GWB01-1_76.jpg,0.3,10,
20,1,3,,GWB01-1_76.jpg,0.4,3,
21,1,3,,GWB01-1_76.jpg,0.4,5,
22,1,3,,GWB01-1_76.jpg,0.4,8,
23,1,3,,GWB01-1_76.jpg,0.4,10,
24,1,3,,GWB01-1_76.jpg,0.5,3,
25,1,3,,GWB01-1_76.jpg,0.5,5,
26,1,3,,GWB01-1_76.jpg,0.5,8,
27,1,3,,GWB01-1_76.jpg,0.5,10,
0,0,9,,GWB01-2_239.jpg,0.01,3,
1,0,9,,GWB01-2_239.jpg,0.01,5,
2,0,9,,GWB01-2_239.jpg,0.01,8,
3,0,9,,GWB01-2_239.jpg,0.01,10,
4,0,9,,GWB01-2_239.jpg,0.05,3,
5,0,9,,GWB01-2_239.jpg,0.05,5,
6,0,9,,GWB01-2_239.jpg,0.05,8,
7,0,9,,GWB01-2_239.jpg,0.05,10,
8,0,9,,GWB01-2_239.jpg,0.1,3,
9,0,9,,GWB01-2_239.jpg,0.1,5,
10,0,9,,GWB01-2_239.jpg,0.1,8,
11,0,9,,GWB01-2_239.jpg,0.1,10,
12,1,2,,GWB01-2_239.jpg,0.2,3,
13,1,2,,GWB01-2_239.jpg,0.2,5,
14,0,9,,GWB01-2_239.jpg,0.2,8,
15,0,9,,GWB01-2_239.jpg,0.2,10,
16,1,2,,GWB01-2_239.jpg,0.3,3,
17,1,2,,GWB01-2_239.jpg,0.3,5,
18,0,9,,GWB01-2_239.jpg,0.3,8,
19,0,9,,GWB01-2_239.jpg,0.3,10,
20,1,2,,GWB01-2_239.jpg,0.4,3,
21,1,2,,GWB01-2_239.jpg,0.4,5,
22,0,9,,GWB01-2_239.jpg,0.4,8,
23,0,9,,GWB01-2_239.jpg,0.4,10,
24,1,2,,GWB01-2_239.jpg,0.5,3,
25,1,2,,GWB01-2_239.jpg,0.5,5,
26,0,9,,GWB01-2_239.jpg,0.5,8,
27,0,9,,GWB01-2_239.jpg,0.5,10,
0,0,9,,GWB01-2_300.jpg,0.01,3,
1,0,9,,GWB01-2_300.jpg,0.01,5,
2,0,9,,GWB01-2_300.jpg,0.01,8,
3,0,9,,GWB01-2_300.jpg,0.01,10,
4,0,9,,GWB01-2_300.jpg,0.05,3,
5,0,9,,GWB01-2_300.jpg,0.05,5,
6,0,9,,GWB01-2_300.jpg,0.05,8,
7,0,9,,GWB01-2_300.jpg,0.05,10,
8,0,9,,GWB01-2_300.jpg,0.1,3,
9,0,9,,GWB01-2_300.jpg,0.1,5,
10,0,9,,GWB01-2_300.jpg,0.1,8,
11,0,9,,GWB01-2_300.jpg,0.1,10,
12,0,9,,GWB01-2_300.jpg,0.2,3,
13,0,9,,GWB01-2_300.jpg,0.2,5,
14,0,9,,GWB01-2_300.jpg,0.2,8,
15,0,9,,GWB01-2_300.jpg,0.2,10,
16,0,9,,GWB01-2_300.jpg,0.3,3,
17,0,9,,GWB01-2_300.jpg,0.3,5,
18,0,9,,GWB01-2_300.jpg,0.3,8,
19,0,9,,GWB01-2_300.jpg,0.3,10,
20,0,9,,GWB01-2_300.jpg,0.4,3,
21,0,9,,GWB01-2_300.jpg,0.4,5,
22,0,9,,GWB01-2_300.jpg,0.4,8,
23,0,9,,GWB01-2_300.jpg,0.4,10,
24,0,9,,GWB01-2_300.jpg,0.5,3,
25,0,9,,GWB01-2_300.jpg,0.5,5,
26,0,9,,GWB01-2_300.jpg,0.5,8,
27,0,9,,GWB01-2_300.jpg,0.5,10,
0,0,10,,GWB01-2_421.jpg,0.01,3,
1,0,10,,GWB01-2_421.jpg,0.01,5,
2,0,10,,GWB01-2_421.jpg,0.01,8,
3,0,10,,GWB01-2_421.jpg,0.01,10,
4,0,10,,GWB01-2_421.jpg,0.05,3,
5,0,10,,GWB01-2_421.jpg,0.05,5,
6,0,10,,GWB01-2_421.jpg,0.05,8,
7,0,10,,GWB01-2_421.jpg,0.05,10,
8,0,10,,GWB01-2_421.jpg,0.1,3,
9,0,10,,GWB01-2_421.jpg,0.1,5,
10,0,10,,GWB01-2_421.jpg,0.1,8,
11,0,10,,GWB01-2_421.jpg,0.1,10,
12,0,10,,GWB01-2_421.jpg,0.2,3,
13,0,10,,GWB01-2_421.jpg,0.2,5,
14,0,10,,GWB01-2_421.jpg,0.2,8,
15,0,10,,GWB01-2_421.jpg,0.2,10,
16,0,10,,GWB01-2_421.jpg,0.3,3,
17,0,10,,GWB01-2_421.jpg,0.3,5,
18,0,10,,GWB01-2_421.jpg,0.3,8,
19,0,10,,GWB01-2_421.jpg,0.3,10,
20,1,4,,GWB01-2_421.jpg,0.4,3,
21,0,10,,GWB01-2_421.jpg,0.4,5,
22,0,10,,GWB01-2_421.jpg,0.4,8,
23,0,10,,GWB01-2_421.jpg,0.4,10,
24,1,4,,GWB01-2_421.jpg,0.5,3,
25,0,10,,GWB01-2_421.jpg,0.5,5,
26,0,10,,GWB01-2_421.jpg,0.5,8,
27,0,10,,GWB01-2_421.jpg,0.5,10,
0,0,10,,GWB01-2_430.jpg,0.01,3,
1,0,10,,GWB01-2_430.jpg,0.01,5,
2,0,10,,GWB01-2_430.jpg,0.01,8,
3,0,10,,GWB01-2_430.jpg,0.01,10,
4,0,10,,GWB01-2_430.jpg,0.05,3,
5,0,10,,GWB01-2_430.jpg,0.05,5,
6,0,10,,GWB01-2_430.jpg,0.05,8,
7,0,10,,GWB01-2_430.jpg,0.05,10,
8,1,7,,GWB01-2_430.jpg,0.1,3,
9,0,10,,GWB01-2_430.jpg,0.1,5,
10,0,10,,GWB01-2_430.jpg,0.1,8,
11,0,10,,GWB01-2_430.jpg,0.1,10,
12,1,5,,GWB01-2_430.jpg,0.2,3,
13,0,10,,GWB01-2_430.jpg,0.2,5,
14,0,10,,GWB01-2_430.jpg,0.2,8,
15,0,10,,GWB01-2_430.jpg,0.2,10,
16,1,3,,GWB01-2_430.jpg,0.3,3,
17,1,4,,GWB01-2_430.jpg,0.3,5,
18,0,10,,GWB01-2_430.jpg,0.3,8,
19,0,10,,GWB01-2_430.jpg,0.3,10,
20,1,3,,GWB01-2_430.jpg,0.4,3,
21,1,3,,GWB01-2_430.jpg,0.4,5,
22,0,10,,GWB01-2_430.jpg,0.4,8,
23,0,10,,GWB01-2_430.jpg,0.4,10,
24,1,2,,GWB01-2_430.jpg,0.5,3,
25,1,2,,GWB01-2_430.jpg,0.5,5,
26,1,2,,GWB01-2_430.jpg,0.5,8,
27,0,10,,GWB01-2_430.jpg,0.5,10,
0,0,27,,GWB01-3_12.jpg,0.01,3,
1,0,27,,GWB01-3_12.jpg,0.01,5,
2,0,27,,GWB01-3_12.jpg,0.01,8,
3,0,27,,GWB01-3_12.jpg,0.01,10,
4,1,24,,GWB01-3_12.jpg,0.05,3,
5,0,27,,GWB01-3_12.jpg,0.05,5,
6,0,27,,GWB01-3_12.jpg,0.05,8,
7,0,27,,GWB01-3_12.jpg,0.05,10,
8,3,15,-0.3081658826963794,GWB01-3_12.jpg,0.1,3,
9,1,21,,GWB01-3_12.jpg,0.1,5,
10,0,27,,GWB01-3_12.jpg,0.1,8,
11,0,27,,GWB01-3_12.jpg,0.1,10,
12,2,4,0.16664924434241069,GWB01-3_12.jpg,0.2,3,
13,2,6,0.12609286954221074,GWB01-3_12.jpg,0.2,5,
14,1,16,,GWB01-3_12.jpg,0.2,8,
15,0,27,,GWB01-3_12.jpg,0.2,10,
16,1,4,,GWB01-3_12.jpg,0.3,3,
17,1,4,,GWB01-3_12.jpg,0.3,5,
18,1,9,,GWB01-3_12.jpg,0.3,8,
19,1,12,,GWB01-3_12.jpg,0.3,10,
20,1,2,,GWB01-3_12.jpg,0.4,3,
21,1,2,,GWB01-3_12.jpg,0.4,5,
22,1,3,,GWB01-3_12.jpg,0.4,8,
23,1,9,,GWB01-3_12.jpg,0.4,10,
24,1,2,,GWB01-3_12.jpg,0.5,3,
25,1,2,,GWB01-3_12.jpg,0.5,5,
26,1,2,,GWB01-3_12.jpg,0.5,8,
27,1,3,,GWB01-3_12.jpg,0.5,10,
0,0,30,,GWB01-3_152.jpg,0.01,3,
1,0,30,,GWB01-3_152.jpg,0.01,5,
2,0,30,,GWB01-3_152.jpg,0.01,8,
3,0,30,,GWB01-3_152.jpg,0.01,10,
4,2,10,0.49692159878392256,GWB01-3_152.jpg,0.05,3,
5,2,11,0.4376309497176184,GWB01-3_152.jpg,0.05,5,
6,1,18,,GWB01-3_152.jpg,0.05,8,
7,1,19,,GWB01-3_152.jpg,0.05,10,
8,2,8,0.6094274957222665,GWB01-3_152.jpg,0.1,3,
9,2,8,0.6094274957222665,GWB01-3_152.jpg,0.1,5,
10,2,8,0.6094274957222665,GWB01-3_152.jpg,0.1,8,
11,1,17,,GWB01-3_152.jpg,0.1,10,
12,2,8,0.6094274957222665,GWB01-3_152.jpg,0.2,3,
13,2,8,0.6094274957222665,GWB01-3_152.jpg,0.2,5,
14,2,8,0.6094274957222665,GWB01-3_152.jpg,0.2,8,
15,1,17,,GWB01-3_152.jpg,0.2,10,
16,2,8,0.6094274957222665,GWB01-3_152.jpg,0.3,3,
17,2,8,0.6094274957222665,GWB01-3_152.jpg,0.3,5,
18,2,8,0.6094274957222665,GWB01-3_152.jpg,0.3,8,
19,1,17,,GWB01-3_152.jpg,0.3,10,
20,2,8,0.6094274957222665,GWB01-3_152.jpg,0.4,3,
21,2,8,0.6094274957222665,GWB01-3_152.jpg,0.4,5,
22,2,8,0.6094274957222665,GWB01-3_152.jpg,0.4,8,
23,1,17,,GWB01-3_152.jpg,0.4,10,
24,2,8,0.6094274957222665,GWB01-3_152.jpg,0.5,3,
25,2,8,0.6094274957222665,GWB01-3_152.jpg,0.5,5,
26,2,8,0.6094274957222665,GWB01-3_152.jpg,0.5,8,
27,1,17,,GWB01-3_152.jpg,0.5,10,
0,0,36,,MBBD02-2_248.jpg,0.01,3,
1,0,36,,MBBD02-2_248.jpg,0.01,5,
2,0,36,,MBBD02-2_248.jpg,0.01,8,
3,0,36,,MBBD02-2_248.jpg,0.01,10,
4,1,32,,MBBD02-2_248.jpg,0.05,3,
5,0,36,,MBBD02-2_248.jpg,0.05,5,
6,0,36,,MBBD02-2_248.jpg,0.05,8,
7,0,36,,MBBD02-2_248.jpg,0.05,10,
8,4,17,-0.09113519753476719,MBBD02-2_248.jpg,0.1,3,
9,1,30,,MBBD02-2_248.jpg,0.1,5,
10,0,36,,MBBD02-2_248.jpg,0.1,8,
11,0,36,,MBBD02-2_248.jpg,0.1,10,
12,2,3,0.8846283325253826,MBBD02-2_248.jpg,0.2,3,
13,3,8,0.3961733775478551,MBBD02-2_248.jpg,0.2,5,
14,2,15,0.21318183499341972,MBBD02-2_248.jpg,0.2,8,
15,0,36,,MBBD02-2_248.jpg,0.2,10,
16,3,0,0.8846283325253826,MBBD02-2_248.jpg,0.3,3,
17,2,3,0.8846283325253826,MBBD02-2_248.jpg,0.3,5,
18,2,3,0.8846283325253826,MBBD02-2_248.jpg,0.3,8,
19,2,7,0.5998663275518765,MBBD02-2_248.jpg,0.3,10,
20,3,0,0.8846283325253826,MBBD02-2_248.jpg,0.4,3,
21,2,3,0.8846283325253826,MBBD02-2_248.jpg,0.4,5,
22,2,3,0.8846283325253826,MBBD02-2_248.jpg,0.4,8,
23,2,4,0.7696446110801595,MBBD02-2_248.jpg,0.4,10,
24,3,0,0.8846283325253826,MBBD02-2_248.jpg,0.5,3,
25,2,3,0.8846283325253826,MBBD02-2_248.jpg,0.5,5,
26,2,3,0.8846283325253826,MBBD02-2_248.jpg,0.5,8,
27,2,3,0.8846283325253826,MBBD02-2_248.jpg,0.5,10,
0,0,12,,MBN04-2_182.jpg,0.01,3,
1,0,12,,MBN04-2_182.jpg,0.01,5,
2,0,12,,MBN04-2_182.jpg,0.01,8,
3,0,12,,MBN04-2_182.jpg,0.01,10,
4,2,5,0.19948393930074873,MBN04-2_182.jpg,0.05,3,
5,0,12,,MBN04-2_182.jpg,0.05,5,
6,0,12,,MBN04-2_182.jpg,0.05,8,
7,0,12,,MBN04-2_182.jpg,0.05,10,
8,2,3,0.5199310924359003,MBN04-2_182.jpg,0.1,3,
9,1,6,,MBN04-2_182.jpg,0.1,5,
10,0,12,,MBN04-2_182.jpg,0.1,8,
11,0,12,,MBN04-2_182.jpg,0.1,10,
12,2,2,0.7120352446253179,MBN04-2_182.jpg,0.2,3,
13,1,5,,MBN04-2_182.jpg,0.2,5,
14,0,12,,MBN04-2_182.jpg,0.2,8,
15,0,12,,MBN04-2_182.jpg,0.2,10,
16,2,1,0.8705530090550219,MBN04-2_182.jpg,0.3,3,
17,1,5,,MBN04-2_182.jpg,0.3,5,
18,0,12,,MBN04-2_182.jpg,0.3,8,
19,0,12,,MBN04-2_182.jpg,0.3,10,
20,2,1,0.8705530090550219,MBN04-2_182.jpg,0.4,3,
21,1,5,,MBN04-2_182.jpg,0.4,5,
22,0,12,,MBN04-2_182.jpg,0.4,8,
23,0,12,,MBN04-2_182.jpg,0.4,10,
24,2,1,0.8705530090550219,MBN04-2_182.jpg,0.5,3,
25,1,5,,MBN04-2_182.jpg,0.5,5,
26,0,12,,MBN04-2_182.jpg,0.5,8,
27,0,12,,MBN04-2_182.jpg,0.5,10,
0,4,22,-0.015837868505993145,MEBBA03-4_04.jpg,0.01,3,
1,2,29,-0.1463685931690311,MEBBA03-4_04.jpg,0.01,5,
2,1,35,,MEBBA03-4_04.jpg,0.01,8,
3,0,44,,MEBBA03-4_04.jpg,0.01,10,
4,3,4,0.7787539973659569,MEBBA03-4_04.jpg,0.05,3,
5,3,4,0.7787539973659569,MEBBA03-4_04.jpg,0.05,5,
6,3,4,0.7787539973659569,MEBBA03-4_04.jpg,0.05,8,
7,2,12,0.7714343664882851,MEBBA03-4_04.jpg,0.05,10,
8,3,3,0.8347115393067145,MEBBA03-4_04.jpg,0.1,3,
9,3,3,0.8347115393067145,MEBBA03-4_04.jpg,0.1,5,
10,3,3,0.8347115393067145,MEBBA03-4_04.jpg,0.1,8,
11,2,12,0.7714343664882851,MEBBA03-4_04.jpg,0.1,10,
12,2,3,0.873121987724814,MEBBA03-4_04.jpg,0.2,3,
13,2,3,0.873121987724814,MEBBA03-4_04.jpg,0.2,5,
14,2,3,0.873121987724814,MEBBA03-4_04.jpg,0.2,8,
15,1,12,,MEBBA03-4_04.jpg,0.2,10,
16,2,3,0.873121987724814,MEBBA03-4_04.jpg,0.3,3,
17,2,3,0.873121987724814,MEBBA03-4_04.jpg,0.3,5,
18,2,3,0.873121987724814,MEBBA03-4_04.jpg,0.3,8,
19,1,12,,MEBBA03-4_04.jpg,0.3,10,
20,2,3,0.873121987724814,MEBBA03-4_04.jpg,0.4,3,
21,2,3,0.873121987724814,MEBBA03-4_04.jpg,0.4,5,
22,2,3,0.873121987724814,MEBBA03-4_04.jpg,0.4,8,
23,1,12,,MEBBA03-4_04.jpg,0.4,10,
24,2,3,0.873121987724814,MEBBA03-4_04.jpg,0.5,3,
25,2,3,0.873121987724814,MEBBA03-4_04.jpg,0.5,5,
26,2,3,0.873121987724814,MEBBA03-4_04.jpg,0.5,8,
27,1,12,,MEBBA03-4_04.jpg,0.5,10,
0,0,14,,MWBBC05-3_56.jpg,0.01,3,
1,0,14,,MWBBC05-3_56.jpg,0.01,5,
2,0,14,,MWBBC05-3_56.jpg,0.01,8,
3,0,14,,MWBBC05-3_56.jpg,0.01,10,
4,1,7,,MWBBC05-3_56.jpg,0.05,3,
5,1,9,,MWBBC05-3_56.jpg,0.05,5,
6,0,14,,MWBBC05-3_56.jpg,0.05,8,
7,0,14,,MWBBC05-3_56.jpg,0.05,10,
8,2,2,0.7307484591771543,MWBBC05-3_56.jpg,0.1,3,
9,1,6,,MWBBC05-3_56.jpg,0.1,5,
10,0,14,,MWBBC05-3_56.jpg,0.1,8,
11,0,14,,MWBBC05-3_56.jpg,0.1,10,
12,2,1,0.9098982183866763,MWBBC05-3_56.jpg,0.2,3,
13,1,5,,MWBBC05-3_56.jpg,0.2,5,
14,1,5,,MWBBC05-3_56.jpg,0.2,8,
15,0,14,,MWBBC05-3_56.jpg,0.2,10,
16,2,1,0.9098982183866763,MWBBC05-3_56.jpg,0.3,3,
17,1,5,,MWBBC05-3_56.jpg,0.3,5,
18,1,5,,MWBBC05-3_56.jpg,0.3,8,
19,0,14,,MWBBC05-3_56.jpg,0.3,10,
20,2,1,0.9098982183866763,MWBBC05-3_56.jpg,0.4,3,
21,1,5,,MWBBC05-3_56.jpg,0.4,5,
22,1,5,,MWBBC05-3_56.jpg,0.4,8,
23,0,14,,MWBBC05-3_56.jpg,0.4,10,
24,2,1,0.9098982183866763,MWBBC05-3_56.jpg,0.5,3,
25,1,5,,MWBBC05-3_56.jpg,0.5,5,
26,1,5,,MWBBC05-3_56.jpg,0.5,8,
27,0,14,,MWBBC05-3_56.jpg,0.5,10,
0,2,64,-0.47981727686974746,PCI01-2_111.jpg,0.01,3,
1,0,70,,PCI01-2_111.jpg,0.01,5,
2,0,70,,PCI01-2_111.jpg,0.01,8,
3,0,70,,PCI01-2_111.jpg,0.01,10,
4,5,32,0.11225119609478637,PCI01-2_111.jpg,0.05,3,
5,3,40,-0.0129733026743468,PCI01-2_111.jpg,0.05,5,
6,2,50,-0.0869764756283691,PCI01-2_111.jpg,0.05,8,
7,0,70,,PCI01-2_111.jpg,0.05,10,
8,5,11,0.49894649113339895,PCI01-2_111.jpg,0.1,3,
9,4,17,0.46651926122300774,PCI01-2_111.jpg,0.1,5,
10,3,29,0.23325536821718715,PCI01-2_111.jpg,0.1,8,
11,3,30,0.2124462544008188,PCI01-2_111.jpg,0.1,10,
12,5,4,0.6794523274263184,PCI01-2_111.jpg,0.2,3,
13,4,7,0.6442237851516696,PCI01-2_111.jpg,0.2,5,
14,3,12,0.5522687331541378,PCI01-2_111.jpg,0.2,8,
15,3,12,0.5522687331541378,PCI01-2_111.jpg,0.2,10,
16,3,3,0.29527687634348004,PCI01-2_111.jpg,0.3,3,
17,2,6,0.5714608486261314,PCI01-2_111.jpg,0.3,5,
18,1,11,,PCI01-2_111.jpg,0.3,8,
19,3,11,0.5568125918496981,PCI01-2_111.jpg,0.3,10,
20,2,3,0.6193469001264251,PCI01-2_111.jpg,0.4,3,
21,2,3,0.6193469001264251,PCI01-2_111.jpg,0.4,5,
22,1,9,,PCI01-2_111.jpg,0.4,8,
23,1,9,,PCI01-2_111.jpg,0.4,10,
24,2,2,0.6350898106483751,PCI01-2_111.jpg,0.5,3,
25,2,2,0.6350898106483751,PCI01-2_111.jpg,0.5,5,
26,1,7,,PCI01-2_111.jpg,0.5,8,
27,1,7,,PCI01-2_111.jpg,0.5,10,
0,0,23,,PCI02-1_92.jpg,0.01,3,
1,0,23,,PCI02-1_92.jpg,0.01,5,
2,0,23,,PCI02-1_92.jpg,0.01,8,
3,0,23,,PCI02-1_92.jpg,0.01,10,
4,2,14,-0.08553109396731848,PCI02-1_92.jpg,0.05,3,
5,1,18,,PCI02-1_92.jpg,0.05,5,
6,0,23,,PCI02-1_92.jpg,0.05,8,
7,0,23,,PCI02-1_92.jpg,0.05,10,
8,1,9,,PCI02-1_92.jpg,0.1,3,
9,1,9,,PCI02-1_92.jpg,0.1,5,
10,1,11,,PCI02-1_92.jpg,0.1,8,
11,1,13,,PCI02-1_92.jpg,0.1,10,
12,1,5,,PCI02-1_92.jpg,0.2,3,
13,1,5,,PCI02-1_92.jpg,0.2,5,
14,1,5,,PCI02-1_92.jpg,0.2,8,
15,1,5,,PCI02-1_92.jpg,0.2,10,
16,1,4,,PCI02-1_92.jpg,0.3,3,
17,1,4,,PCI02-1_92.jpg,0.3,5,
18,1,5,,PCI02-1_92.jpg,0.3,8,
19,1,5,,PCI02-1_92.jpg,0.3,10,
20,1,4,,PCI02-1_92.jpg,0.4,3,
21,1,4,,PCI02-1_92.jpg,0.4,5,
22,1,4,,PCI02-1_92.jpg,0.4,8,
23,1,4,,PCI02-1_92.jpg,0.4,10,
24,1,4,,PCI02-1_92.jpg,0.5,3,
25,1,4,,PCI02-1_92.jpg,0.5,5,
26,1,4,,PCI02-1_92.jpg,0.5,8,
27,1,4,,PCI02-1_92.jpg,0.5,10,
0,0,14,,PCIC01-1_113.jpg,0.01,3,
1,0,14,,PCIC01-1_113.jpg,0.01,5,
2,0,14,,PCIC01-1_113.jpg,0.01,8,
3,0,14,,PCIC01-1_113.jpg,0.01,10,
4,2,3,0.7126351783689033,PCIC01-1_113.jpg,0.05,3,
5,1,7,,PCIC01-1_113.jpg,0.05,5,
6,0,14,,PCIC01-1_113.jpg,0.05,8,
7,0,14,,PCIC01-1_113.jpg,0.05,10,
8,2,2,0.9085359454421515,PCIC01-1_113.jpg,0.1,3,
9,2,2,0.9085359454421515,PCIC01-1_113.jpg,0.1,5,
10,0,14,,PCIC01-1_113.jpg,0.1,8,
11,0,14,,PCIC01-1_113.jpg,0.1,10,
12,2,2,0.9085359454421515,PCIC01-1_113.jpg,0.2,3,
13,2,2,0.9085359454421515,PCIC01-1_113.jpg,0.2,5,
14,0,14,,PCIC01-1_113.jpg,0.2,8,
15,0,14,,PCIC01-1_113.jpg,0.2,10,
16,2,2,0.9085359454421515,PCIC01-1_113.jpg,0.3,3,
17,2,2,0.9085359454421515,PCIC01-1_113.jpg,0.3,5,
18,0,14,,PCIC01-1_113.jpg,0.3,8,
19,0,14,,PCIC01-1_113.jpg,0.3,10,
20,2,2,0.9085359454421515,PCIC01-1_113.jpg,0.4,3,
21,2,2,0.9085359454421515,PCIC01-1_113.jpg,0.4,5,
22,0,14,,PCIC01-1_113.jpg,0.4,8,
23,0,14,,PCIC01-1_113.jpg,0.4,10,
24,2,2,0.9085359454421515,PCIC01-1_113.jpg,0.5,3,
25,2,2,0.9085359454421515,PCIC01-1_113.jpg,0.5,5,
26,0,14,,PCIC01-1_113.jpg,0.5,8,
27,0,14,,PCIC01-1_113.jpg,0.5,10,
0,0,43,,PCIC01-1_131.jpg,0.01,3,
1,0,43,,PCIC01-1_131.jpg,0.01,5,
2,0,43,,PCIC01-1_131.jpg,0.01,8,
3,0,43,,PCIC01-1_131.jpg,0.01,10,
4,0,43,,PCIC01-1_131.jpg,0.05,3,
5,0,43,,PCIC01-1_131.jpg,0.05,5,
6,0,43,,PCIC01-1_131.jpg,0.05,8,
7,0,43,,PCIC01-1_131.jpg,0.05,10,
8,2,37,-0.2082330916189379,PCIC01-1_131.jpg,0.1,3,
9,0,43,,PCIC01-1_131.jpg,0.1,5,
10,0,43,,PCIC01-1_131.jpg,0.1,8,
11,0,43,,PCIC01-1_131.jpg,0.1,10,
12,4,22,0.08231639937304933,PCIC01-1_131.jpg,0.2,3,
13,0,43,,PCIC01-1_131.jpg,0.2,5,
14,0,43,,PCIC01-1_131.jpg,0.2,8,
15,0,43,,PCIC01-1_131.jpg,0.2,10,
16,4,18,0.177193009201997,PCIC01-1_131.jpg,0.3,3,
17,2,28,-0.0004524799659158904,PCIC01-1_131.jpg,0.3,5,
18,1,35,,PCIC01-1_131.jpg,0.3,8,
19,0,43,,PCIC01-1_131.jpg,0.3,10,
20,4,4,0.38619692795286753,PCIC01-1_131.jpg,0.4,3,
21,3,18,0.27341282031758996,PCIC01-1_131.jpg,0.4,5,
22,1,34,,PCIC01-1_131.jpg,0.4,8,
23,0,43,,PCIC01-1_131.jpg,0.4,10,
24,3,2,0.4791012688981325,PCIC01-1_131.jpg,0.5,3,
25,3,9,0.4322209235891954,PCIC01-1_131.jpg,0.5,5,
26,1,31,,PCIC01-1_131.jpg,0.5,8,
27,1,33,,PCIC01-1_131.jpg,0.5,10,
0,0,5,,PCIE02-1_72.jpg,0.01,3,
1,0,5,,PCIE02-1_72.jpg,0.01,5,
2,0,5,,PCIE02-1_72.jpg,0.01,8,
3,0,5,,PCIE02-1_72.jpg,0.01,10,
4,0,5,,PCIE02-1_72.jpg,0.05,3,
5,0,5,,PCIE02-1_72.jpg,0.05,5,
6,0,5,,PCIE02-1_72.jpg,0.05,8,
7,0,5,,PCIE02-1_72.jpg,0.05,10,
8,0,5,,PCIE02-1_72.jpg,0.1,3,
9,0,5,,PCIE02-1_72.jpg,0.1,5,
10,0,5,,PCIE02-1_72.jpg,0.1,8,
11,0,5,,PCIE02-1_72.jpg,0.1,10,
12,0,5,,PCIE02-1_72.jpg,0.2,3,
13,0,5,,PCIE02-1_72.jpg,0.2,5,
14,0,5,,PCIE02-1_72.jpg,0.2,8,
15,0,5,,PCIE02-1_72.jpg,0.2,10,
16,0,5,,PCIE02-1_72.jpg,0.3,3,
17,0,5,,PCIE02-1_72.jpg,0.3,5,
18,0,5,,PCIE02-1_72.jpg,0.3,8,
19,0,5,,PCIE02-1_72.jpg,0.3,10,
20,0,5,,PCIE02-1_72.jpg,0.4,3,
21,0,5,,PCIE02-1_72.jpg,0.4,5,
22,0,5,,PCIE02-1_72.jpg,0.4,8,
23,0,5,,PCIE02-1_72.jpg,0.4,10,
24,0,5,,PCIE02-1_72.jpg,0.5,3,
25,0,5,,PCIE02-1_72.jpg,0.5,5,
26,0,5,,PCIE02-1_72.jpg,0.5,8,
27,0,5,,PCIE02-1_72.jpg,0.5,10,
0,0,8,,PCIE13-1-3_142.jpg,0.01,3,
1,0,8,,PCIE13-1-3_142.jpg,0.01,5,
2,0,8,,PCIE13-1-3_142.jpg,0.01,8,
3,0,8,,PCIE13-1-3_142.jpg,0.01,10,
4,0,8,,PCIE13-1-3_142.jpg,0.05,3,
5,0,8,,PCIE13-1-3_142.jpg,0.05,5,
6,0,8,,PCIE13-1-3_142.jpg,0.05,8,
7,0,8,,PCIE13-1-3_142.jpg,0.05,10,
8,0,8,,PCIE13-1-3_142.jpg,0.1,3,
9,0,8,,PCIE13-1-3_142.jpg,0.1,5,
10,0,8,,PCIE13-1-3_142.jpg,0.1,8,
11,0,8,,PCIE13-1-3_142.jpg,0.1,10,
12,0,8,,PCIE13-1-3_142.jpg,0.2,3,
13,0,8,,PCIE13-1-3_142.jpg,0.2,5,
14,0,8,,PCIE13-1-3_142.jpg,0.2,8,
15,0,8,,PCIE13-1-3_142.jpg,0.2,10,
16,0,8,,PCIE13-1-3_142.jpg,0.3,3,
17,0,8,,PCIE13-1-3_142.jpg,0.3,5,
18,0,8,,PCIE13-1-3_142.jpg,0.3,8,
19,0,8,,PCIE13-1-3_142.jpg,0.3,10,
20,0,8,,PCIE13-1-3_142.jpg,0.4,3,
21,0,8,,PCIE13-1-3_142.jpg,0.4,5,
22,0,8,,PCIE13-1-3_142.jpg,0.4,8,
23,0,8,,PCIE13-1-3_142.jpg,0.4,10,
24,1,5,,PCIE13-1-3_142.jpg,0.5,3,
25,0,8,,PCIE13-1-3_142.jpg,0.5,5,
26,0,8,,PCIE13-1-3_142.jpg,0.5,8,
27,0,8,,PCIE13-1-3_142.jpg,0.5,10,
0,0,8,,PCIE13-2-2_07.jpg,0.01,3,
1,0,8,,PCIE13-2-2_07.jpg,0.01,5,
2,0,8,,PCIE13-2-2_07.jpg,0.01,8,
3,0,8,,PCIE13-2-2_07.jpg,0.01,10,
4,0,8,,PCIE13-2-2_07.jpg,0.05,3,
5,0,8,,PCIE13-2-2_07.jpg,0.05,5,
6,0,8,,PCIE13-2-2_07.jpg,0.05,8,
7,0,8,,PCIE13-2-2_07.jpg,0.05,10,
8,0,8,,PCIE13-2-2_07.jpg,0.1,3,
9,0,8,,PCIE13-2-2_07.jpg,0.1,5,
10,0,8,,PCIE13-2-2_07.jpg,0.1,8,
11,0,8,,PCIE13-2-2_07.jpg,0.1,10,
12,0,8,,PCIE13-2-2_07.jpg,0.2,3,
13,0,8,,PCIE13-2-2_07.jpg,0.2,5,
14,0,8,,PCIE13-2-2_07.jpg,0.2,8,
15,0,8,,PCIE13-2-2_07.jpg,0.2,10,
16,0,8,,PCIE13-2-2_07.jpg,0.3,3,
17,0,8,,PCIE13-2-2_07.jpg,0.3,5,
18,0,8,,PCIE13-2-2_07.jpg,0.3,8,
19,0,8,,PCIE13-2-2_07.jpg,0.3,10,
20,0,8,,PCIE13-2-2_07.jpg,0.4,3,
21,0,8,,PCIE13-2-2_07.jpg,0.4,5,
22,0,8,,PCIE13-2-2_07.jpg,0.4,8,
23,0,8,,PCIE13-2-2_07.jpg,0.4,10,
24,0,8,,PCIE13-2-2_07.jpg,0.5,3,
25,0,8,,PCIE13-2-2_07.jpg,0.5,5,
26,0,8,,PCIE13-2-2_07.jpg,0.5,8,
27,0,8,,PCIE13-2-2_07.jpg,0.5,10,
0,0,159,,PCIS01-5_67.jpg,0.01,3,
1,0,159,,PCIS01-5_67.jpg,0.01,5,
2,0,159,,PCIS01-5_67.jpg,0.01,8,
3,0,159,,PCIS01-5_67.jpg,0.01,10,
4,1,156,,PCIS01-5_67.jpg,0.05,3,
5,0,159,,PCIS01-5_67.jpg,0.05,5,
6,0,159,,PCIS01-5_67.jpg,0.05,8,
7,0,159,,PCIS01-5_67.jpg,0.05,10,
8,7,129,-0.36378771566600066,PCIS01-5_67.jpg,0.1,3,
9,1,154,,PCIS01-5_67.jpg,0.1,5,
10,0,159,,PCIS01-5_67.jpg,0.1,8,
11,0,159,,PCIS01-5_67.jpg,0.1,10,
12,12,73,-0.0846768644401881,PCIS01-5_67.jpg,0.2,3,
13,4,118,-0.1829515808380185,PCIS01-5_67.jpg,0.2,5,
14,2,143,-0.30530843378584493,PCIS01-5_67.jpg,0.2,8,
15,0,159,,PCIS01-5_67.jpg,0.2,10,
16,10,15,-0.12163256262926299,PCIS01-5_67.jpg,0.3,3,
17,4,61,0.158330606660079,PCIS01-5_67.jpg,0.3,5,
18,4,103,-0.13652668085234504,PCIS01-5_67.jpg,0.3,8,
19,2,126,-0.1372335186077922,PCIS01-5_67.jpg,0.3,10,
20,5,6,-0.20429078563184802,PCIS01-5_67.jpg,0.4,3,
21,2,30,0.09188611842016209,PCIS01-5_67.jpg,0.4,5,
22,4,52,0.17935109027955226,PCIS01-5_67.jpg,0.4,8,
23,2,81,0.1345393073175619,PCIS01-5_67.jpg,0.4,10,
24,2,2,-0.047217425792838955,PCIS01-5_67.jpg,0.5,3,
25,1,11,,PCIS01-5_67.jpg,0.5,5,
26,3,21,0.1360706893077389,PCIS01-5_67.jpg,0.5,8,
27,2,31,0.14418065541794325,PCIS01-5_67.jpg,0.5,10,
0,4,305,-0.5051476889996327,PWC01-1_61.jpg,0.01,3,
1,0,318,,PWC01-1_61.jpg,0.01,5,
2,0,318,,PWC01-1_61.jpg,0.01,8,
3,0,318,,PWC01-1_61.jpg,0.01,10,
4,23,71,0.237711027044405,PWC01-1_61.jpg,0.05,3,
5,17,122,0.07026578749991129,PWC01-1_61.jpg,0.05,5,
6,11,195,-0.22329891559775536,PWC01-1_61.jpg,0.05,8,
7,5,262,-0.46360858210760025,PWC01-1_61.jpg,0.05,10,
8,12,12,0.5207610811621788,PWC01-1_61.jpg,0.1,3,
9,11,21,0.5105905374118757,PWC01-1_61.jpg,0.1,5,
10,12,37,0.5034256711328687,PWC01-1_61.jpg,0.1,8,
11,12,51,0.4364392089046135,PWC01-1_61.jpg,0.1,10,
12,5,6,0.57655835136731,PWC01-1_61.jpg,0.2,3,
13,6,6,0.549096727257145,PWC01-1_61.jpg,0.2,5,
14,6,6,0.549096727257145,PWC01-1_61.jpg,0.2,8,
15,6,7,0.545341052859098,PWC01-1_61.jpg,0.2,10,
16,4,4,0.660932209088164,PWC01-1_61.jpg,0.3,3,
17,4,5,0.6432366494675947,PWC01-1_61.jpg,0.3,5,
18,4,5,0.6432366494675947,PWC01-1_61.jpg,0.3,8,
19,4,5,0.6432366494675947,PWC01-1_61.jpg,0.3,10,
20,4,3,0.6648088230954612,PWC01-1_61.jpg,0.4,3,
21,4,3,0.6648088230954612,PWC01-1_61.jpg,0.4,5,
22,4,3,0.6648088230954612,PWC01-1_61.jpg,0.4,8,
23,4,3,0.6648088230954612,PWC01-1_61.jpg,0.4,10,
24,4,3,0.6648088230954612,PWC01-1_61.jpg,0.5,3,
25,4,3,0.6648088230954612,PWC01-1_61.jpg,0.5,5,
26,4,3,0.6648088230954612,PWC01-1_61.jpg,0.5,8,
27,4,3,0.6648088230954612,PWC01-1_61.jpg,0.5,10,
0,3,181,-0.5845509315336623,PWC01-1_62.jpg,0.01,3,
1,0,191,,PWC01-1_62.jpg,0.01,5,
2,0,191,,PWC01-1_62.jpg,0.01,8,
3,0,191,,PWC01-1_62.jpg,0.01,10,
4,16,27,0.42347318845165904,PWC01-1_62.jpg,0.05,3,
5,15,45,0.30596619189558394,PWC01-1_62.jpg,0.05,5,
6,6,133,-0.22117020425473802,PWC01-1_62.jpg,0.05,8,
7,2,169,-0.2184519680794524,PWC01-1_62.jpg,0.05,10,
8,10,6,0.6530385254271177,PWC01-1_62.jpg,0.1,3,
9,10,8,0.6348196328916803,PWC01-1_62.jpg,0.1,5,
10,9,17,0.5902316783821137,PWC01-1_62.jpg,0.1,8,
11,10,29,0.4692116930675299,PWC01-1_62.jpg,0.1,10,
12,7,1,0.8068743215555864,PWC01-1_62.jpg,0.2,3,
13,7,1,0.8068743215555864,PWC01-1_62.jpg,0.2,5,
14,7,2,0.7981923603357898,PWC01-1_62.jpg,0.2,8,
15,7,2,0.7981923603357898,PWC01-1_62.jpg,0.2,10,
16,5,1,0.7867358715677049,PWC01-1_62.jpg,0.3,3,
17,5,1,0.7867358715677049,PWC01-1_62.jpg,0.3,5,
18,5,1,0.7867358715677049,PWC01-1_62.jpg,0.3,8,
19,5,1,0.7867358715677049,PWC01-1_62.jpg,0.3,10,
20,5,1,0.7867358715677049,PWC01-1_62.jpg,0.4,3,
21,5,1,0.7867358715677049,PWC01-1_62.jpg,0.4,5,
22,5,1,0.7867358715677049,PWC01-1_62.jpg,0.4,8,
23,5,1,0.7867358715677049,PWC01-1_62.jpg,0.4,10,
24,5,1,0.7867358715677049,PWC01-1_62.jpg,0.5,3,
25,5,1,0.7867358715677049,PWC01-1_62.jpg,0.5,5,
26,5,1,0.7867358715677049,PWC01-1_62.jpg,0.5,8,
27,5,1,0.7867358715677049,PWC01-1_62.jpg,0.5,10,
0,1,20,,PWC01-4_231.jpg,0.01,3,
1,0,23,,PWC01-4_231.jpg,0.01,5,
2,0,23,,PWC01-4_231.jpg,0.01,8,
3,0,23,,PWC01-4_231.jpg,0.01,10,
4,2,14,0.13171229805507925,PWC01-4_231.jpg,0.05,3,
5,0,23,,PWC01-4_231.jpg,0.05,5,
6,0,23,,PWC01-4_231.jpg,0.05,8,
7,0,23,,PWC01-4_231.jpg,0.05,10,
8,3,10,0.2832442440101323,PWC01-4_231.jpg,0.1,3,
9,2,13,0.2058840848221941,PWC01-4_231.jpg,0.1,5,
10,0,23,,PWC01-4_231.jpg,0.1,8,
11,0,23,,PWC01-4_231.jpg,0.1,10,
12,3,10,0.2832442440101323,PWC01-4_231.jpg,0.2,3,
13,2,13,0.2058840848221941,PWC01-4_231.jpg,0.2,5,
14,0,23,,PWC01-4_231.jpg,0.2,8,
15,0,23,,PWC01-4_231.jpg,0.2,10,
16,4,5,0.607414429828533,PWC01-4_231.jpg,0.3,3,
17,2,11,0.35878559783660696,PWC01-4_231.jpg,0.3,5,
18,0,23,,PWC01-4_231.jpg,0.3,8,
19,0,23,,PWC01-4_231.jpg,0.3,10,
20,4,4,0.6754819927432978,PWC01-4_231.jpg,0.4,3,
21,2,11,0.35878559783660696,PWC01-4_231.jpg,0.4,5,
22,0,23,,PWC01-4_231.jpg,0.4,8,
23,0,23,,PWC01-4_231.jpg,0.4,10,
24,4,3,0.752832038891844,PWC01-4_231.jpg,0.5,3,
25,3,6,0.5379643382342131,PWC01-4_231.jpg,0.5,5,
26,0,23,,PWC01-4_231.jpg,0.5,8,
27,0,23,,PWC01-4_231.jpg,0.5,10,
0,0,19,,PWC01-5_34.jpg,0.01,3,
1,0,19,,PWC01-5_34.jpg,0.01,5,
2,0,19,,PWC01-5_34.jpg,0.01,8,
3,0,19,,PWC01-5_34.jpg,0.01,10,
4,2,8,0.15843232143476854,PWC01-5_34.jpg,0.05,3,
5,1,12,,PWC01-5_34.jpg,0.05,5,
6,0,19,,PWC01-5_34.jpg,0.05,8,
7,0,19,,PWC01-5_34.jpg,0.05,10,
8,1,6,,PWC01-5_34.jpg,0.1,3,
9,1,6,,PWC01-5_34.jpg,0.1,5,
10,1,8,,PWC01-5_34.jpg,0.1,8,
11,0,19,,PWC01-5_34.jpg,0.1,10,
12,1,6,,PWC01-5_34.jpg,0.2,3,
13,1,6,,PWC01-5_34.jpg,0.2,5,
14,1,6,,PWC01-5_34.jpg,0.2,8,
15,1,6,,PWC01-5_34.jpg,0.2,10,
16,1,5,,PWC01-5_34.jpg,0.3,3,
17,1,5,,PWC01-5_34.jpg,0.3,5,
18,1,5,,PWC01-5_34.jpg,0.3,8,
19,1,5,,PWC01-5_34.jpg,0.3,10,
20,1,5,,PWC01-5_34.jpg,0.4,3,
21,1,5,,PWC01-5_34.jpg,0.4,5,
22,1,5,,PWC01-5_34.jpg,0.4,8,
23,1,5,,PWC01-5_34.jpg,0.4,10,
24,1,5,,PWC01-5_34.jpg,0.5,3,
25,1,5,,PWC01-5_34.jpg,0.5,5,
26,1,5,,PWC01-5_34.jpg,0.5,8,
27,1,5,,PWC01-5_34.jpg,0.5,10,
0,0,40,,PWC03-2-1_42.jpg,0.01,3,
1,0,40,,PWC03-2-1_42.jpg,0.01,5,
2,0,40,,PWC03-2-1_42.jpg,0.01,8,
3,0,40,,PWC03-2-1_42.jpg,0.01,10,
4,3,24,-0.09875710980591008,PWC03-2-1_42.jpg,0.05,3,
5,0,40,,PWC03-2-1_42.jpg,0.05,5,
6,0,40,,PWC03-2-1_42.jpg,0.05,8,
7,0,40,,PWC03-2-1_42.jpg,0.05,10,
8,5,8,0.44742862309189446,PWC03-2-1_42.jpg,0.1,3,
9,3,16,0.29379143860004187,PWC03-2-1_42.jpg,0.1,5,
10,1,31,,PWC03-2-1_42.jpg,0.1,8,
11,0,40,,PWC03-2-1_42.jpg,0.1,10,
12,4,3,0.7716539602768062,PWC03-2-1_42.jpg,0.2,3,
13,3,8,0.7373915582790476,PWC03-2-1_42.jpg,0.2,5,
14,3,8,0.7373915582790476,PWC03-2-1_42.jpg,0.2,8,
15,3,8,0.7373915582790476,PWC03-2-1_42.jpg,0.2,10,
16,4,1,0.8014866201395009,PWC03-2-1_42.jpg,0.3,3,
17,4,1,0.8014866201395009,PWC03-2-1_42.jpg,0.3,5,
18,3,7,0.7788358018423382,PWC03-2-1_42.jpg,0.3,8,
19,3,7,0.7788358018423382,PWC03-2-1_42.jpg,0.3,10,
20,4,0,0.8713609061162249,PWC03-2-1_42.jpg,0.4,3,
21,4,0,0.8713609061162249,PWC03-2-1_42.jpg,0.4,5,
22,3,6,0.8713609061162249,PWC03-2-1_42.jpg,0.4,8,
23,3,6,0.8713609061162249,PWC03-2-1_42.jpg,0.4,10,
24,4,0,0.8713609061162249,PWC03-2-1_42.jpg,0.5,3,
25,4,0,0.8713609061162249,PWC03-2-1_42.jpg,0.5,5,
26,3,6,0.8713609061162249,PWC03-2-1_42.jpg,0.5,8,
27,3,6,0.8713609061162249,PWC03-2-1_42.jpg,0.5,10,
